timestamp_utc,mode,endpoint,quality,sample,discarded,width,height,yaw_rad,pitch_rad,distance,target_x,target_y,target_z,fov,up_axis,client_wall_ms,client_wall_s,backend_render_ms,backend_render_s,render_wall_ms,render_wall_s,refine_wall_ms,refine_wall_s,total_wall_ms,total_wall_s,refined_latency_ms,refined_latency_s,renderer,refiner,status,fallback_mode,message
2026-05-26T10:13:32.804311+00:00,moving,/api/render,interactive,0,1,520,320,0.0,0.0,3.0,0.0,0.0,0.0,45.0,z,204.02,0.20402,43.5,0.0435,,,,,,,,,gsplat-renderer,,ok,,
2026-05-26T10:13:32.874809+00:00,moving,/api/render,interactive,1,1,520,320,0.057119866428905326,0.0,3.0,0.0,0.0,0.0,45.0,z,70.36,0.070364,67.89,0.06789,,,,,,,,,gsplat-renderer,,ok,,
2026-05-26T10:13:32.946047+00:00,moving,/api/render,interactive,2,1,520,320,0.11423973285781065,0.0,3.0,0.0,0.0,0.0,45.0,z,71.12,0.071117,68.77,0.06877,,,,,,,,,gsplat-renderer,,ok,,
2026-05-26T10:13:33.018858+00:00,moving,/api/render,interactive,3,1,520,320,0.17135959928671599,0.0,3.0,0.0,0.0,0.0,45.0,z,72.69,0.072692,70.31,0.07031,,,,,,,,,gsplat-renderer,,ok,,
2026-05-26T10:13:33.071227+00:00,moving,/api/render,interactive,4,1,520,320,0.2284794657156213,0.0,3.0,0.0,0.0,0.0,45.0,z,52.25,0.052251,50.02,0.05002,,,,,,,,,gsplat-renderer,,ok,,
2026-05-26T10:13:33.121534+00:00,moving,/api/render,interactive,5,1,520,320,0.28559933214452665,0.0,3.0,0.0,0.0,0.0,45.0,z,50.19,0.050194,48.05,0.04805,,,,,,,,,gsplat-renderer,,ok,,
2026-05-26T10:13:33.200287+00:00,moving,/api/render,interactive,6,1,520,320,0.34271919857343197,0.0,3.0,0.0,0.0,0.0,45.0,z,78.63,0.078634,76.13,0.07613,,,,,,,,,gsplat-renderer,,ok,,
2026-05-26T10:13:33.267521+00:00,moving,/api/render,interactive,7,1,520,320,0.3998390650023373,0.0,3.0,0.0,0.0,0.0,45.0,z,67.12,0.067117,65.16,0.06516,,,,,,,,,gsplat-renderer,,ok,,
2026-05-26T10:13:33.340339+00:00,moving,/api/render,interactive,8,1,520,320,0.4569589314312426,0.0,3.0,0.0,0.0,0.0,45.0,z,72.73,0.072725,70.84,0.07084,,,,,,,,,gsplat-renderer,,ok,,
2026-05-26T10:13:33.371918+00:00,moving,/api/render,interactive,9,1,520,320,0.514078797860148,0.0,3.0,0.0,0.0,0.0,45.0,z,31.49,0.031489,30.07,0.03007,,,,,,,,,gsplat-renderer,,ok,,
2026-05-26T10:13:33.430767+00:00,moving,/api/render,interactive,10,0,520,320,0.5711986642890533,0.0,3.0,0.0,0.0,0.0,45.0,z,58.76,0.058765,57.13,0.05713,,,,,,,,,gsplat-renderer,,ok,,
2026-05-26T10:13:33.485408+00:00,moving,/api/render,interactive,11,0,520,320,0.6283185307179586,0.0,3.0,0.0,0.0,0.0,45.0,z,54.56,0.054557,52.98,0.05298,,,,,,,,,gsplat-renderer,,ok,,
2026-05-26T10:13:33.557457+00:00,moving,/api/render,interactive,12,0,520,320,0.6854383971468639,0.0,3.0,0.0,0.0,0.0,45.0,z,71.97,0.071967,69.86,0.06986,,,,,,,,,gsplat-renderer,,ok,,
2026-05-26T10:13:33.632246+00:00,moving,/api/render,interactive,13,0,520,320,0.7425582635757694,0.0,3.0,0.0,0.0,0.0,45.0,z,74.67,0.074675,72.35,0.07235,,,,,,,,,gsplat-renderer,,ok,,
2026-05-26T10:13:33.711364+00:00,moving,/api/render,interactive,14,0,520,320,0.7996781300046746,0.0,3.0,0.0,0.0,0.0,45.0,z,79.0,0.078996,76.5,0.0765,,,,,,,,,gsplat-renderer,,ok,,
2026-05-26T10:13:33.789992+00:00,moving,/api/render,interactive,15,0,520,320,0.8567979964335799,0.0,3.0,0.0,0.0,0.0,45.0,z,78.51,0.078509,75.97,0.07597,,,,,,,,,gsplat-renderer,,ok,,
2026-05-26T10:13:33.868848+00:00,moving,/api/render,interactive,16,0,520,320,0.9139178628624852,0.0,3.0,0.0,0.0,0.0,45.0,z,78.73,0.078734,76.21,0.07621,,,,,,,,,gsplat-renderer,,ok,,
2026-05-26T10:13:33.956075+00:00,moving,/api/render,interactive,17,0,520,320,0.9710377292913905,0.0,3.0,0.0,0.0,0.0,45.0,z,87.11,0.08711,84.56,0.08456,,,,,,,,,gsplat-renderer,,ok,,
2026-05-26T10:13:34.040317+00:00,moving,/api/render,interactive,18,0,520,320,1.028157595720296,0.0,3.0,0.0,0.0,0.0,45.0,z,84.12,0.084119,81.55,0.08155,,,,,,,,,gsplat-renderer,,ok,,
2026-05-26T10:13:34.125964+00:00,moving,/api/render,interactive,19,0,520,320,1.0852774621492012,0.0,3.0,0.0,0.0,0.0,45.0,z,85.53,0.085531,82.68,0.08268,,,,,,,,,gsplat-renderer,,ok,,
2026-05-26T10:13:34.208753+00:00,moving,/api/render,interactive,20,0,520,320,1.1423973285781066,0.0,3.0,0.0,0.0,0.0,45.0,z,82.67,0.082666,79.98,0.07998,,,,,,,,,gsplat-renderer,,ok,,
2026-05-26T10:13:34.295049+00:00,moving,/api/render,interactive,21,0,520,320,1.199517195007012,0.0,3.0,0.0,0.0,0.0,45.0,z,86.17,0.086168,83.09,0.08309,,,,,,,,,gsplat-renderer,,ok,,
2026-05-26T10:13:34.381104+00:00,moving,/api/render,interactive,22,0,520,320,1.2566370614359172,0.0,3.0,0.0,0.0,0.0,45.0,z,85.9,0.085896,83.28,0.08328,,,,,,,,,gsplat-renderer,,ok,,
2026-05-26T10:13:34.442003+00:00,moving,/api/render,interactive,23,0,520,320,1.3137569278648225,0.0,3.0,0.0,0.0,0.0,45.0,z,60.77,0.060771,58.67,0.05867,,,,,,,,,gsplat-renderer,,ok,,
2026-05-26T10:13:34.526798+00:00,moving,/api/render,interactive,24,0,520,320,1.3708767942937279,0.0,3.0,0.0,0.0,0.0,45.0,z,84.68,0.084681,82.39,0.08239,,,,,,,,,gsplat-renderer,,ok,,
2026-05-26T10:13:34.610522+00:00,moving,/api/render,interactive,25,0,520,320,1.427996660722633,0.0,3.0,0.0,0.0,0.0,45.0,z,83.61,0.083611,81.17,0.08117,,,,,,,,,gsplat-renderer,,ok,,
2026-05-26T10:13:34.695238+00:00,moving,/api/render,interactive,26,0,520,320,1.4851165271515387,0.0,3.0,0.0,0.0,0.0,45.0,z,84.6,0.084596,82.08,0.08208,,,,,,,,,gsplat-renderer,,ok,,
2026-05-26T10:13:34.778933+00:00,moving,/api/render,interactive,27,0,520,320,1.542236393580444,0.0,3.0,0.0,0.0,0.0,45.0,z,83.57,0.083574,80.98,0.08098,,,,,,,,,gsplat-renderer,,ok,,
2026-05-26T10:13:34.859862+00:00,moving,/api/render,interactive,28,0,520,320,1.5993562600093492,0.0,3.0,0.0,0.0,0.0,45.0,z,80.81,0.080809,78.32,0.07832,,,,,,,,,gsplat-renderer,,ok,,
2026-05-26T10:13:34.920866+00:00,moving,/api/render,interactive,29,0,520,320,1.6564761264382546,0.0,3.0,0.0,0.0,0.0,45.0,z,60.89,0.060887,58.83,0.05883,,,,,,,,,gsplat-renderer,,ok,,
2026-05-26T10:13:34.987488+00:00,moving,/api/render,interactive,30,0,520,320,1.7135959928671598,0.0,3.0,0.0,0.0,0.0,45.0,z,66.51,0.066511,64.24,0.06424,,,,,,,,,gsplat-renderer,,ok,,
2026-05-26T10:13:35.052026+00:00,moving,/api/render,interactive,31,0,520,320,1.7707158592960652,0.0,3.0,0.0,0.0,0.0,45.0,z,64.42,0.064416,62.26,0.06226,,,,,,,,,gsplat-renderer,,ok,,
2026-05-26T10:13:35.136267+00:00,moving,/api/render,interactive,32,0,520,320,1.8278357257249704,0.0,3.0,0.0,0.0,0.0,45.0,z,84.13,0.084128,81.65,0.08165,,,,,,,,,gsplat-renderer,,ok,,
2026-05-26T10:13:35.218074+00:00,moving,/api/render,interactive,33,0,520,320,1.8849555921538759,0.0,3.0,0.0,0.0,0.0,45.0,z,81.69,0.081692,78.97,0.07897,,,,,,,,,gsplat-renderer,,ok,,
2026-05-26T10:13:35.298622+00:00,moving,/api/render,interactive,34,0,520,320,1.942075458582781,0.0,3.0,0.0,0.0,0.0,45.0,z,80.42,0.08042,77.6,0.0776,,,,,,,,,gsplat-renderer,,ok,,
2026-05-26T10:13:35.379983+00:00,moving,/api/render,interactive,35,0,520,320,1.9991953250116865,0.0,3.0,0.0,0.0,0.0,45.0,z,81.24,0.081237,78.37,0.07837,,,,,,,,,gsplat-renderer,,ok,,
2026-05-26T10:13:35.458843+00:00,moving,/api/render,interactive,36,0,520,320,2.056315191440592,0.0,3.0,0.0,0.0,0.0,45.0,z,78.74,0.078736,76.15,0.07615,,,,,,,,,gsplat-renderer,,ok,,
2026-05-26T10:13:35.515799+00:00,moving,/api/render,interactive,37,0,520,320,2.113435057869497,0.0,3.0,0.0,0.0,0.0,45.0,z,56.84,0.056838,54.6,0.0546,,,,,,,,,gsplat-renderer,,ok,,
2026-05-26T10:13:35.538378+00:00,moving,/api/render,interactive,38,0,520,320,2.1705549242984024,0.0,3.0,0.0,0.0,0.0,45.0,z,22.45,0.022454,20.63,0.02063,,,,,,,,,gsplat-renderer,,ok,,
2026-05-26T10:13:35.610924+00:00,moving,/api/render,interactive,39,0,520,320,2.227674790727308,0.0,3.0,0.0,0.0,0.0,45.0,z,72.44,0.072444,70.45,0.07045,,,,,,,,,gsplat-renderer,,ok,,
2026-05-26T10:13:35.688469+00:00,moving,/api/render,interactive,40,0,520,320,2.284794657156213,0.0,3.0,0.0,0.0,0.0,45.0,z,77.44,0.077443,75.28,0.07528,,,,,,,,,gsplat-renderer,,ok,,
2026-05-26T10:13:35.766448+00:00,moving,/api/render,interactive,41,0,520,320,2.341914523585119,0.0,3.0,0.0,0.0,0.0,45.0,z,77.88,0.077877,75.67,0.07567,,,,,,,,,gsplat-renderer,,ok,,
2026-05-26T10:13:35.846072+00:00,moving,/api/render,interactive,42,0,520,320,2.399034390014024,0.0,3.0,0.0,0.0,0.0,45.0,z,79.52,0.079525,76.88,0.07688,,,,,,,,,gsplat-renderer,,ok,,
2026-05-26T10:13:35.924042+00:00,moving,/api/render,interactive,43,0,520,320,2.4561542564429297,0.0,3.0,0.0,0.0,0.0,45.0,z,77.82,0.077818,75.16,0.07516,,,,,,,,,gsplat-renderer,,ok,,
2026-05-26T10:13:36.001971+00:00,moving,/api/render,interactive,44,0,520,320,2.5132741228718345,0.0,3.0,0.0,0.0,0.0,45.0,z,77.8,0.0778,75.16,0.07516,,,,,,,,,gsplat-renderer,,ok,,
2026-05-26T10:13:36.083696+00:00,moving,/api/render,interactive,45,0,520,320,2.57039398930074,0.0,3.0,0.0,0.0,0.0,45.0,z,81.61,0.081606,78.9,0.0789,,,,,,,,,gsplat-renderer,,ok,,
2026-05-26T10:13:36.166003+00:00,moving,/api/render,interactive,46,0,520,320,2.627513855729645,0.0,3.0,0.0,0.0,0.0,45.0,z,82.18,0.082178,79.46,0.07946,,,,,,,,,gsplat-renderer,,ok,,
2026-05-26T10:13:36.247674+00:00,moving,/api/render,interactive,47,0,520,320,2.6846337221585506,0.0,3.0,0.0,0.0,0.0,45.0,z,81.55,0.081553,78.99,0.07899,,,,,,,,,gsplat-renderer,,ok,,
2026-05-26T10:13:36.328246+00:00,moving,/api/render,interactive,48,0,520,320,2.7417535885874558,0.0,3.0,0.0,0.0,0.0,45.0,z,80.45,0.080453,77.94,0.07794,,,,,,,,,gsplat-renderer,,ok,,
2026-05-26T10:13:36.408273+00:00,moving,/api/render,interactive,49,0,520,320,2.798873455016361,0.0,3.0,0.0,0.0,0.0,45.0,z,79.91,0.079907,77.43,0.07743,,,,,,,,,gsplat-renderer,,ok,,
2026-05-26T10:13:36.487121+00:00,moving,/api/render,interactive,50,0,520,320,2.855993321445266,0.0,3.0,0.0,0.0,0.0,45.0,z,78.73,0.078728,75.93,0.07593,,,,,,,,,gsplat-renderer,,ok,,
2026-05-26T10:13:36.562540+00:00,moving,/api/render,interactive,51,0,520,320,2.913113187874172,0.0,3.0,0.0,0.0,0.0,45.0,z,75.29,0.07529,72.55,0.07255,,,,,,,,,gsplat-renderer,,ok,,
2026-05-26T10:13:36.636828+00:00,moving,/api/render,interactive,52,0,520,320,2.9702330543030775,0.0,3.0,0.0,0.0,0.0,45.0,z,74.17,0.07417,71.37,0.07137,,,,,,,,,gsplat-renderer,,ok,,
2026-05-26T10:13:36.712863+00:00,moving,/api/render,interactive,53,0,520,320,3.0273529207319823,0.0,3.0,0.0,0.0,0.0,45.0,z,75.89,0.075891,73.07,0.07307,,,,,,,,,gsplat-renderer,,ok,,
2026-05-26T10:13:36.788174+00:00,moving,/api/render,interactive,54,0,520,320,3.084472787160888,0.0,3.0,0.0,0.0,0.0,45.0,z,75.17,0.075167,72.1,0.0721,,,,,,,,,gsplat-renderer,,ok,,
2026-05-26T10:13:36.870376+00:00,moving,/api/render,interactive,55,0,520,320,3.141592653589793,0.0,3.0,0.0,0.0,0.0,45.0,z,82.04,0.082044,78.3,0.0783,,,,,,,,,gsplat-renderer,,ok,,
2026-05-26T10:13:36.954828+00:00,moving,/api/render,interactive,56,0,520,320,3.1987125200186983,0.0,3.0,0.0,0.0,0.0,45.0,z,84.04,0.084039,80.58,0.08058,,,,,,,,,gsplat-renderer,,ok,,
2026-05-26T10:13:37.036999+00:00,moving,/api/render,interactive,57,0,520,320,3.255832386447604,0.0,3.0,0.0,0.0,0.0,45.0,z,82.03,0.082034,79.01,0.07901,,,,,,,,,gsplat-renderer,,ok,,
2026-05-26T10:13:37.116086+00:00,moving,/api/render,interactive,58,0,520,320,3.312952252876509,0.0,3.0,0.0,0.0,0.0,45.0,z,78.95,0.078947,76.08,0.07608,,,,,,,,,gsplat-renderer,,ok,,
2026-05-26T10:13:37.193730+00:00,moving,/api/render,interactive,59,0,520,320,3.3700721193054144,0.0,3.0,0.0,0.0,0.0,45.0,z,77.5,0.077498,74.46,0.07446,,,,,,,,,gsplat-renderer,,ok,,
2026-05-26T10:13:37.271465+00:00,moving,/api/render,interactive,60,0,520,320,3.4271919857343196,0.0,3.0,0.0,0.0,0.0,45.0,z,77.6,0.077598,74.75,0.07475,,,,,,,,,gsplat-renderer,,ok,,
2026-05-26T10:13:37.343358+00:00,moving,/api/render,interactive,61,0,520,320,3.4843118521632257,0.0,3.0,0.0,0.0,0.0,45.0,z,71.76,0.071756,68.66,0.06866,,,,,,,,,gsplat-renderer,,ok,,
2026-05-26T10:13:37.414701+00:00,moving,/api/render,interactive,62,0,520,320,3.5414317185921305,0.0,3.0,0.0,0.0,0.0,45.0,z,71.2,0.071204,68.17,0.06817,,,,,,,,,gsplat-renderer,,ok,,
2026-05-26T10:13:37.486731+00:00,moving,/api/render,interactive,63,0,520,320,3.598551585021036,0.0,3.0,0.0,0.0,0.0,45.0,z,71.89,0.071894,68.94,0.06894,,,,,,,,,gsplat-renderer,,ok,,
2026-05-26T10:13:37.557265+00:00,moving,/api/render,interactive,64,0,520,320,3.655671451449941,0.0,3.0,0.0,0.0,0.0,45.0,z,70.4,0.070402,67.39,0.06739,,,,,,,,,gsplat-renderer,,ok,,
2026-05-26T10:13:37.631330+00:00,moving,/api/render,interactive,65,0,520,320,3.712791317878847,0.0,3.0,0.0,0.0,0.0,45.0,z,73.94,0.073937,71.09,0.07109,,,,,,,,,gsplat-renderer,,ok,,
2026-05-26T10:13:37.705357+00:00,moving,/api/render,interactive,66,0,520,320,3.7699111843077517,0.0,3.0,0.0,0.0,0.0,45.0,z,73.89,0.073886,70.64,0.07064,,,,,,,,,gsplat-renderer,,ok,,
2026-05-26T10:13:37.779720+00:00,moving,/api/render,interactive,67,0,520,320,3.8270310507366574,0.0,3.0,0.0,0.0,0.0,45.0,z,74.23,0.074228,71.15,0.07115,,,,,,,,,gsplat-renderer,,ok,,
2026-05-26T10:13:37.856401+00:00,moving,/api/render,interactive,68,0,520,320,3.884150917165562,0.0,3.0,0.0,0.0,0.0,45.0,z,76.56,0.076563,73.99,0.07399,,,,,,,,,gsplat-renderer,,ok,,
2026-05-26T10:13:37.936082+00:00,moving,/api/render,interactive,69,0,520,320,3.9412707835944683,0.0,3.0,0.0,0.0,0.0,45.0,z,79.58,0.079585,77.31,0.07731,,,,,,,,,gsplat-renderer,,ok,,
2026-05-26T10:13:38.018789+00:00,moving,/api/render,interactive,70,0,520,320,3.998390650023373,0.0,3.0,0.0,0.0,0.0,45.0,z,82.6,0.082605,80.34,0.08034,,,,,,,,,gsplat-renderer,,ok,,
2026-05-26T10:13:38.104393+00:00,moving,/api/render,interactive,71,0,520,320,4.055510516452278,0.0,3.0,0.0,0.0,0.0,45.0,z,85.5,0.085498,82.98,0.08298,,,,,,,,,gsplat-renderer,,ok,,
2026-05-26T10:13:38.186013+00:00,moving,/api/render,interactive,72,0,520,320,4.112630382881184,0.0,3.0,0.0,0.0,0.0,45.0,z,81.51,0.081513,78.67,0.07867,,,,,,,,,gsplat-renderer,,ok,,
2026-05-26T10:13:38.267408+00:00,moving,/api/render,interactive,73,0,520,320,4.1697502493100895,0.0,3.0,0.0,0.0,0.0,45.0,z,81.28,0.081278,78.42,0.07842,,,,,,,,,gsplat-renderer,,ok,,
2026-05-26T10:13:38.344874+00:00,moving,/api/render,interactive,74,0,520,320,4.226870115738994,0.0,3.0,0.0,0.0,0.0,45.0,z,77.35,0.077347,74.9,0.0749,,,,,,,,,gsplat-renderer,,ok,,
2026-05-26T10:13:38.430031+00:00,moving,/api/render,interactive,75,0,520,320,4.2839899821679,0.0,3.0,0.0,0.0,0.0,45.0,z,85.04,0.085039,82.58,0.08258,,,,,,,,,gsplat-renderer,,ok,,
2026-05-26T10:13:38.509954+00:00,moving,/api/render,interactive,76,0,520,320,4.341109848596805,0.0,3.0,0.0,0.0,0.0,45.0,z,79.81,0.079808,76.95,0.07695,,,,,,,,,gsplat-renderer,,ok,,
2026-05-26T10:13:38.587911+00:00,moving,/api/render,interactive,77,0,520,320,4.39822971502571,0.0,3.0,0.0,0.0,0.0,45.0,z,77.84,0.077841,74.92,0.07492,,,,,,,,,gsplat-renderer,,ok,,
2026-05-26T10:13:38.672309+00:00,moving,/api/render,interactive,78,0,520,320,4.455349581454616,0.0,3.0,0.0,0.0,0.0,45.0,z,84.28,0.084285,81.61,0.08161,,,,,,,,,gsplat-renderer,,ok,,
2026-05-26T10:13:38.754646+00:00,moving,/api/render,interactive,79,0,520,320,4.512469447883521,0.0,3.0,0.0,0.0,0.0,45.0,z,82.23,0.082225,79.38,0.07938,,,,,,,,,gsplat-renderer,,ok,,
2026-05-26T10:13:38.835488+00:00,moving,/api/render,interactive,80,0,520,320,4.569589314312426,0.0,3.0,0.0,0.0,0.0,45.0,z,80.73,0.080726,78.04,0.07804,,,,,,,,,gsplat-renderer,,ok,,
2026-05-26T10:13:38.912071+00:00,moving,/api/render,interactive,81,0,520,320,4.626709180741331,0.0,3.0,0.0,0.0,0.0,45.0,z,76.47,0.076471,73.63,0.07363,,,,,,,,,gsplat-renderer,,ok,,
2026-05-26T10:13:38.983579+00:00,moving,/api/render,interactive,82,0,520,320,4.683829047170238,0.0,3.0,0.0,0.0,0.0,45.0,z,71.39,0.071388,68.41,0.06841,,,,,,,,,gsplat-renderer,,ok,,
2026-05-26T10:13:39.053985+00:00,moving,/api/render,interactive,83,0,520,320,4.7409489135991425,0.0,3.0,0.0,0.0,0.0,45.0,z,70.29,0.070288,67.3,0.0673,,,,,,,,,gsplat-renderer,,ok,,
2026-05-26T10:13:39.124723+00:00,moving,/api/render,interactive,84,0,520,320,4.798068780028048,0.0,3.0,0.0,0.0,0.0,45.0,z,70.62,0.07062,67.6,0.0676,,,,,,,,,gsplat-renderer,,ok,,
2026-05-26T10:13:39.198099+00:00,moving,/api/render,interactive,85,0,520,320,4.855188646456953,0.0,3.0,0.0,0.0,0.0,45.0,z,73.26,0.073262,69.42,0.06942,,,,,,,,,gsplat-renderer,,ok,,
2026-05-26T10:13:39.269172+00:00,moving,/api/render,interactive,86,0,520,320,4.9123085128858595,0.0,3.0,0.0,0.0,0.0,45.0,z,70.95,0.070949,67.54,0.06754,,,,,,,,,gsplat-renderer,,ok,,
2026-05-26T10:13:39.341259+00:00,moving,/api/render,interactive,87,0,520,320,4.969428379314764,0.0,3.0,0.0,0.0,0.0,45.0,z,71.97,0.071968,68.95,0.06895,,,,,,,,,gsplat-renderer,,ok,,
2026-05-26T10:13:39.416455+00:00,moving,/api/render,interactive,88,0,520,320,5.026548245743669,0.0,3.0,0.0,0.0,0.0,45.0,z,75.07,0.075074,72.07,0.07207,,,,,,,,,gsplat-renderer,,ok,,
2026-05-26T10:13:39.492776+00:00,moving,/api/render,interactive,89,0,520,320,5.083668112172574,0.0,3.0,0.0,0.0,0.0,45.0,z,76.2,0.076199,73.31,0.07331,,,,,,,,,gsplat-renderer,,ok,,
2026-05-26T10:13:39.572766+00:00,moving,/api/render,interactive,90,0,520,320,5.14078797860148,0.0,3.0,0.0,0.0,0.0,45.0,z,79.88,0.079876,76.46,0.07646,,,,,,,,,gsplat-renderer,,ok,,
2026-05-26T10:13:39.652305+00:00,moving,/api/render,interactive,91,0,520,320,5.197907845030385,0.0,3.0,0.0,0.0,0.0,45.0,z,79.44,0.079436,76.63,0.07663,,,,,,,,,gsplat-renderer,,ok,,
2026-05-26T10:13:39.731669+00:00,moving,/api/render,interactive,92,0,520,320,5.25502771145929,0.0,3.0,0.0,0.0,0.0,45.0,z,79.27,0.079272,76.95,0.07695,,,,,,,,,gsplat-renderer,,ok,,
2026-05-26T10:13:39.804672+00:00,moving,/api/render,interactive,93,0,520,320,5.312147577888196,0.0,3.0,0.0,0.0,0.0,45.0,z,72.89,0.072891,70.59,0.07059,,,,,,,,,gsplat-renderer,,ok,,
2026-05-26T10:13:39.878789+00:00,moving,/api/render,interactive,94,0,520,320,5.369267444317101,0.0,3.0,0.0,0.0,0.0,45.0,z,74.01,0.074006,71.79,0.07179,,,,,,,,,gsplat-renderer,,ok,,
2026-05-26T10:13:39.956931+00:00,moving,/api/render,interactive,95,0,520,320,5.426387310746007,0.0,3.0,0.0,0.0,0.0,45.0,z,78.03,0.07803,75.08,0.07508,,,,,,,,,gsplat-renderer,,ok,,
2026-05-26T10:13:40.035011+00:00,moving,/api/render,interactive,96,0,520,320,5.4835071771749115,0.0,3.0,0.0,0.0,0.0,45.0,z,77.97,0.077968,75.13,0.07513,,,,,,,,,gsplat-renderer,,ok,,
2026-05-26T10:13:40.111717+00:00,moving,/api/render,interactive,97,0,520,320,5.540627043603817,0.0,3.0,0.0,0.0,0.0,45.0,z,76.59,0.076593,74.21,0.07421,,,,,,,,,gsplat-renderer,,ok,,
2026-05-26T10:13:40.180118+00:00,moving,/api/render,interactive,98,0,520,320,5.597746910032722,0.0,3.0,0.0,0.0,0.0,45.0,z,68.3,0.068296,65.85,0.06585,,,,,,,,,gsplat-renderer,,ok,,
2026-05-26T10:13:40.248570+00:00,moving,/api/render,interactive,99,0,520,320,5.654866776461628,0.0,3.0,0.0,0.0,0.0,45.0,z,68.33,0.068334,65.93,0.06593,,,,,,,,,gsplat-renderer,,ok,,
2026-05-26T10:13:40.329823+00:00,moving,/api/render,interactive,100,0,520,320,5.711986642890532,0.0,3.0,0.0,0.0,0.0,45.0,z,81.14,0.081138,78.81,0.07881,,,,,,,,,gsplat-renderer,,ok,,
2026-05-26T10:13:40.405618+00:00,moving,/api/render,interactive,101,0,520,320,5.769106509319439,0.0,3.0,0.0,0.0,0.0,45.0,z,75.68,0.075681,73.42,0.07342,,,,,,,,,gsplat-renderer,,ok,,
2026-05-26T10:13:40.475772+00:00,moving,/api/render,interactive,102,0,520,320,5.826226375748344,0.0,3.0,0.0,0.0,0.0,45.0,z,70.04,0.070039,67.78,0.06778,,,,,,,,,gsplat-renderer,,ok,,
2026-05-26T10:13:40.549592+00:00,moving,/api/render,interactive,103,0,520,320,5.883346242177249,0.0,3.0,0.0,0.0,0.0,45.0,z,73.71,0.073715,71.68,0.07168,,,,,,,,,gsplat-renderer,,ok,,
2026-05-26T10:13:40.621102+00:00,moving,/api/render,interactive,104,0,520,320,5.940466108606155,0.0,3.0,0.0,0.0,0.0,45.0,z,71.41,0.071409,69.38,0.06938,,,,,,,,,gsplat-renderer,,ok,,
2026-05-26T10:13:40.685712+00:00,moving,/api/render,interactive,105,0,520,320,5.99758597503506,0.0,3.0,0.0,0.0,0.0,45.0,z,64.51,0.064505,62.34,0.06234,,,,,,,,,gsplat-renderer,,ok,,
2026-05-26T10:13:40.755872+00:00,moving,/api/render,interactive,106,0,520,320,6.0547058414639645,0.0,3.0,0.0,0.0,0.0,45.0,z,70.04,0.070039,67.75,0.06775,,,,,,,,,gsplat-renderer,,ok,,
2026-05-26T10:13:40.771667+00:00,moving,/api/render,interactive,107,0,520,320,6.11182570789287,0.0,3.0,0.0,0.0,0.0,45.0,z,15.67,0.015668,13.99,0.01399,,,,,,,,,gsplat-renderer,,ok,,
2026-05-26T10:13:40.807769+00:00,moving,/api/render,interactive,108,0,520,320,6.168945574321776,0.0,3.0,0.0,0.0,0.0,45.0,z,35.97,0.035971,33.9,0.0339,,,,,,,,,gsplat-renderer,,ok,,
2026-05-26T10:13:40.856404+00:00,moving,/api/render,interactive,109,0,520,320,6.2260654407506815,0.0,3.0,0.0,0.0,0.0,45.0,z,48.5,0.048498,45.77,0.04577,,,,,,,,,gsplat-renderer,,ok,,
2026-05-26T10:13:40.988511+00:00,idle,/api/render,idle,0,1,960,540,0.0,0.0,3.0,0.0,0.0,0.0,45.0,z,131.98,0.131983,128.75,0.12875,,,,,,,,,gsplat-renderer,,ok,,
2026-05-26T10:13:41.159438+00:00,idle,/api/render,idle,1,1,960,540,0.057119866428905326,0.0,3.0,0.0,0.0,0.0,45.0,z,170.77,0.170772,166.75,0.16675,,,,,,,,,gsplat-renderer,,ok,,
2026-05-26T10:13:41.340594+00:00,idle,/api/render,idle,2,1,960,540,0.11423973285781065,0.0,3.0,0.0,0.0,0.0,45.0,z,181.01,0.181006,177.08,0.17708,,,,,,,,,gsplat-renderer,,ok,,
2026-05-26T10:13:41.512118+00:00,idle,/api/render,idle,3,1,960,540,0.17135959928671599,0.0,3.0,0.0,0.0,0.0,45.0,z,171.4,0.171405,168.19,0.16819,,,,,,,,,gsplat-renderer,,ok,,
2026-05-26T10:13:41.613116+00:00,idle,/api/render,idle,4,1,960,540,0.2284794657156213,0.0,3.0,0.0,0.0,0.0,45.0,z,100.86,0.10086,98.3,0.0983,,,,,,,,,gsplat-renderer,,ok,,
2026-05-26T10:13:41.720026+00:00,idle,/api/render,idle,5,1,960,540,0.28559933214452665,0.0,3.0,0.0,0.0,0.0,45.0,z,106.77,0.106775,104.34,0.10434,,,,,,,,,gsplat-renderer,,ok,,
2026-05-26T10:13:41.920002+00:00,idle,/api/render,idle,6,1,960,540,0.34271919857343197,0.0,3.0,0.0,0.0,0.0,45.0,z,199.86,0.199863,196.27,0.19627,,,,,,,,,gsplat-renderer,,ok,,
2026-05-26T10:13:42.071176+00:00,idle,/api/render,idle,7,1,960,540,0.3998390650023373,0.0,3.0,0.0,0.0,0.0,45.0,z,151.05,0.151051,148.07,0.14807,,,,,,,,,gsplat-renderer,,ok,,
2026-05-26T10:13:42.247158+00:00,idle,/api/render,idle,8,1,960,540,0.4569589314312426,0.0,3.0,0.0,0.0,0.0,45.0,z,175.84,0.175843,172.84,0.17284,,,,,,,,,gsplat-renderer,,ok,,
2026-05-26T10:13:42.336889+00:00,idle,/api/render,idle,9,1,960,540,0.514078797860148,0.0,3.0,0.0,0.0,0.0,45.0,z,89.62,0.08962,86.95,0.08695,,,,,,,,,gsplat-renderer,,ok,,
2026-05-26T10:13:42.465395+00:00,idle,/api/render,idle,10,0,960,540,0.5711986642890533,0.0,3.0,0.0,0.0,0.0,45.0,z,128.36,0.128364,125.22,0.12522,,,,,,,,,gsplat-renderer,,ok,,
2026-05-26T10:13:42.587447+00:00,idle,/api/render,idle,11,0,960,540,0.6283185307179586,0.0,3.0,0.0,0.0,0.0,45.0,z,121.93,0.121932,119.19,0.11919,,,,,,,,,gsplat-renderer,,ok,,
2026-05-26T10:13:42.757232+00:00,idle,/api/render,idle,12,0,960,540,0.6854383971468639,0.0,3.0,0.0,0.0,0.0,45.0,z,169.66,0.169663,166.59,0.16659,,,,,,,,,gsplat-renderer,,ok,,
2026-05-26T10:13:42.950956+00:00,idle,/api/render,idle,13,0,960,540,0.7425582635757694,0.0,3.0,0.0,0.0,0.0,45.0,z,193.61,0.193606,190.29,0.19029,,,,,,,,,gsplat-renderer,,ok,,
2026-05-26T10:13:43.152272+00:00,idle,/api/render,idle,14,0,960,540,0.7996781300046746,0.0,3.0,0.0,0.0,0.0,45.0,z,201.19,0.201191,197.67,0.19767,,,,,,,,,gsplat-renderer,,ok,,
2026-05-26T10:13:43.358672+00:00,idle,/api/render,idle,15,0,960,540,0.8567979964335799,0.0,3.0,0.0,0.0,0.0,45.0,z,206.28,0.206279,202.7,0.2027,,,,,,,,,gsplat-renderer,,ok,,
2026-05-26T10:13:43.572185+00:00,idle,/api/render,idle,16,0,960,540,0.9139178628624852,0.0,3.0,0.0,0.0,0.0,45.0,z,213.39,0.213391,209.41,0.20941,,,,,,,,,gsplat-renderer,,ok,,
2026-05-26T10:13:43.847497+00:00,idle,/api/render,idle,17,0,960,540,0.9710377292913905,0.0,3.0,0.0,0.0,0.0,45.0,z,275.18,0.275184,271.09,0.27109,,,,,,,,,gsplat-renderer,,ok,,
2026-05-26T10:13:44.097006+00:00,idle,/api/render,idle,18,0,960,540,1.028157595720296,0.0,3.0,0.0,0.0,0.0,45.0,z,249.39,0.249391,245.32,0.24532,,,,,,,,,gsplat-renderer,,ok,,
2026-05-26T10:13:44.338900+00:00,idle,/api/render,idle,19,0,960,540,1.0852774621492012,0.0,3.0,0.0,0.0,0.0,45.0,z,241.77,0.241773,237.48,0.23748,,,,,,,,,gsplat-renderer,,ok,,
2026-05-26T10:13:44.562408+00:00,idle,/api/render,idle,20,0,960,540,1.1423973285781066,0.0,3.0,0.0,0.0,0.0,45.0,z,223.39,0.223388,219.45,0.21945,,,,,,,,,gsplat-renderer,,ok,,
2026-05-26T10:13:44.798970+00:00,idle,/api/render,idle,21,0,960,540,1.199517195007012,0.0,3.0,0.0,0.0,0.0,45.0,z,236.44,0.236437,231.44,0.23144,,,,,,,,,gsplat-renderer,,ok,,
2026-05-26T10:13:45.022840+00:00,idle,/api/render,idle,22,0,960,540,1.2566370614359172,0.0,3.0,0.0,0.0,0.0,45.0,z,223.72,0.223724,219.34,0.21934,,,,,,,,,gsplat-renderer,,ok,,
2026-05-26T10:13:45.157702+00:00,idle,/api/render,idle,23,0,960,540,1.3137569278648225,0.0,3.0,0.0,0.0,0.0,45.0,z,134.71,0.134714,131.46,0.13146,,,,,,,,,gsplat-renderer,,ok,,
2026-05-26T10:13:45.386760+00:00,idle,/api/render,idle,24,0,960,540,1.3708767942937279,0.0,3.0,0.0,0.0,0.0,45.0,z,228.91,0.228913,224.87,0.22487,,,,,,,,,gsplat-renderer,,ok,,
2026-05-26T10:13:45.603272+00:00,idle,/api/render,idle,25,0,960,540,1.427996660722633,0.0,3.0,0.0,0.0,0.0,45.0,z,216.39,0.216391,212.53,0.21253,,,,,,,,,gsplat-renderer,,ok,,
2026-05-26T10:13:45.829715+00:00,idle,/api/render,idle,26,0,960,540,1.4851165271515387,0.0,3.0,0.0,0.0,0.0,45.0,z,226.33,0.226328,222.34,0.22234,,,,,,,,,gsplat-renderer,,ok,,
2026-05-26T10:13:46.051040+00:00,idle,/api/render,idle,27,0,960,540,1.542236393580444,0.0,3.0,0.0,0.0,0.0,45.0,z,221.2,0.2212,216.48,0.21648,,,,,,,,,gsplat-renderer,,ok,,
2026-05-26T10:13:46.250915+00:00,idle,/api/render,idle,28,0,960,540,1.5993562600093492,0.0,3.0,0.0,0.0,0.0,45.0,z,199.71,0.199712,196.08,0.19608,,,,,,,,,gsplat-renderer,,ok,,
2026-05-26T10:13:46.383526+00:00,idle,/api/render,idle,29,0,960,540,1.6564761264382546,0.0,3.0,0.0,0.0,0.0,45.0,z,132.49,0.132492,129.67,0.12967,,,,,,,,,gsplat-renderer,,ok,,
2026-05-26T10:13:46.546299+00:00,idle,/api/render,idle,30,0,960,540,1.7135959928671598,0.0,3.0,0.0,0.0,0.0,45.0,z,162.66,0.162656,159.8,0.1598,,,,,,,,,gsplat-renderer,,ok,,
2026-05-26T10:13:46.700687+00:00,idle,/api/render,idle,31,0,960,540,1.7707158592960652,0.0,3.0,0.0,0.0,0.0,45.0,z,154.28,0.15428,151.4,0.1514,,,,,,,,,gsplat-renderer,,ok,,
2026-05-26T10:13:46.911224+00:00,idle,/api/render,idle,32,0,960,540,1.8278357257249704,0.0,3.0,0.0,0.0,0.0,45.0,z,210.42,0.210422,206.79,0.20679,,,,,,,,,gsplat-renderer,,ok,,
2026-05-26T10:13:47.147790+00:00,idle,/api/render,idle,33,0,960,540,1.8849555921538759,0.0,3.0,0.0,0.0,0.0,45.0,z,236.45,0.236451,232.42,0.23242,,,,,,,,,gsplat-renderer,,ok,,
2026-05-26T10:13:47.384439+00:00,idle,/api/render,idle,34,0,960,540,1.942075458582781,0.0,3.0,0.0,0.0,0.0,45.0,z,236.53,0.236533,232.06,0.23206,,,,,,,,,gsplat-renderer,,ok,,
2026-05-26T10:13:47.622687+00:00,idle,/api/render,idle,35,0,960,540,1.9991953250116865,0.0,3.0,0.0,0.0,0.0,45.0,z,238.13,0.238129,233.65,0.23365,,,,,,,,,gsplat-renderer,,ok,,
2026-05-26T10:13:47.837072+00:00,idle,/api/render,idle,36,0,960,540,2.056315191440592,0.0,3.0,0.0,0.0,0.0,45.0,z,214.27,0.21427,210.42,0.21042,,,,,,,,,gsplat-renderer,,ok,,
2026-05-26T10:13:47.953466+00:00,idle,/api/render,idle,37,0,960,540,2.113435057869497,0.0,3.0,0.0,0.0,0.0,45.0,z,116.27,0.11627,113.46,0.11346,,,,,,,,,gsplat-renderer,,ok,,
2026-05-26T10:13:47.992490+00:00,idle,/api/render,idle,38,0,960,540,2.1705549242984024,0.0,3.0,0.0,0.0,0.0,45.0,z,38.91,0.038911,37.03,0.03703,,,,,,,,,gsplat-renderer,,ok,,
2026-05-26T10:13:48.172320+00:00,idle,/api/render,idle,39,0,960,540,2.227674790727308,0.0,3.0,0.0,0.0,0.0,45.0,z,179.73,0.179731,176.69,0.17669,,,,,,,,,gsplat-renderer,,ok,,
2026-05-26T10:13:48.375210+00:00,idle,/api/render,idle,40,0,960,540,2.284794657156213,0.0,3.0,0.0,0.0,0.0,45.0,z,202.78,0.202775,199.14,0.19914,,,,,,,,,gsplat-renderer,,ok,,
2026-05-26T10:13:48.583081+00:00,idle,/api/render,idle,41,0,960,540,2.341914523585119,0.0,3.0,0.0,0.0,0.0,45.0,z,207.76,0.207756,204.09,0.20409,,,,,,,,,gsplat-renderer,,ok,,
2026-05-26T10:13:48.804624+00:00,idle,/api/render,idle,42,0,960,540,2.399034390014024,0.0,3.0,0.0,0.0,0.0,45.0,z,221.41,0.221411,217.4,0.2174,,,,,,,,,gsplat-renderer,,ok,,
2026-05-26T10:13:49.022218+00:00,idle,/api/render,idle,43,0,960,540,2.4561542564429297,0.0,3.0,0.0,0.0,0.0,45.0,z,217.47,0.217473,213.37,0.21337,,,,,,,,,gsplat-renderer,,ok,,
2026-05-26T10:13:49.244312+00:00,idle,/api/render,idle,44,0,960,540,2.5132741228718345,0.0,3.0,0.0,0.0,0.0,45.0,z,221.98,0.221976,217.84,0.21784,,,,,,,,,gsplat-renderer,,ok,,
2026-05-26T10:13:49.473498+00:00,idle,/api/render,idle,45,0,960,540,2.57039398930074,0.0,3.0,0.0,0.0,0.0,45.0,z,229.08,0.229075,224.89,0.22489,,,,,,,,,gsplat-renderer,,ok,,
2026-05-26T10:13:49.706759+00:00,idle,/api/render,idle,46,0,960,540,2.627513855729645,0.0,3.0,0.0,0.0,0.0,45.0,z,233.14,0.233145,228.72,0.22872,,,,,,,,,gsplat-renderer,,ok,,
2026-05-26T10:13:49.942259+00:00,idle,/api/render,idle,47,0,960,540,2.6846337221585506,0.0,3.0,0.0,0.0,0.0,45.0,z,235.38,0.235381,231.15,0.23115,,,,,,,,,gsplat-renderer,,ok,,
2026-05-26T10:13:50.175986+00:00,idle,/api/render,idle,48,0,960,540,2.7417535885874558,0.0,3.0,0.0,0.0,0.0,45.0,z,233.6,0.233604,229.58,0.22958,,,,,,,,,gsplat-renderer,,ok,,
2026-05-26T10:13:50.401018+00:00,idle,/api/render,idle,49,0,960,540,2.798873455016361,0.0,3.0,0.0,0.0,0.0,45.0,z,224.92,0.224918,220.95,0.22095,,,,,,,,,gsplat-renderer,,ok,,
2026-05-26T10:13:50.630939+00:00,idle,/api/render,idle,50,0,960,540,2.855993321445266,0.0,3.0,0.0,0.0,0.0,45.0,z,229.79,0.229794,225.4,0.2254,,,,,,,,,gsplat-renderer,,ok,,
2026-05-26T10:13:50.849819+00:00,idle,/api/render,idle,51,0,960,540,2.913113187874172,0.0,3.0,0.0,0.0,0.0,45.0,z,218.77,0.218766,214.46,0.21446,,,,,,,,,gsplat-renderer,,ok,,
2026-05-26T10:13:51.063430+00:00,idle,/api/render,idle,52,0,960,540,2.9702330543030775,0.0,3.0,0.0,0.0,0.0,45.0,z,213.5,0.213499,209.23,0.20923,,,,,,,,,gsplat-renderer,,ok,,
2026-05-26T10:13:51.261840+00:00,idle,/api/render,idle,53,0,960,540,3.0273529207319823,0.0,3.0,0.0,0.0,0.0,45.0,z,198.29,0.198291,194.69,0.19469,,,,,,,,,gsplat-renderer,,ok,,
2026-05-26T10:13:51.481662+00:00,idle,/api/render,idle,54,0,960,540,3.084472787160888,0.0,3.0,0.0,0.0,0.0,45.0,z,219.71,0.21971,215.38,0.21538,,,,,,,,,gsplat-renderer,,ok,,
2026-05-26T10:13:51.712935+00:00,idle,/api/render,idle,55,0,960,540,3.141592653589793,0.0,3.0,0.0,0.0,0.0,45.0,z,231.16,0.231158,227.02,0.22702,,,,,,,,,gsplat-renderer,,ok,,
2026-05-26T10:13:51.939101+00:00,idle,/api/render,idle,56,0,960,540,3.1987125200186983,0.0,3.0,0.0,0.0,0.0,45.0,z,226.05,0.226052,222.03,0.22203,,,,,,,,,gsplat-renderer,,ok,,
2026-05-26T10:13:52.187035+00:00,idle,/api/render,idle,57,0,960,540,3.255832386447604,0.0,3.0,0.0,0.0,0.0,45.0,z,247.81,0.247805,243.5,0.2435,,,,,,,,,gsplat-renderer,,ok,,
2026-05-26T10:13:52.411208+00:00,idle,/api/render,idle,58,0,960,540,3.312952252876509,0.0,3.0,0.0,0.0,0.0,45.0,z,224.05,0.224052,219.71,0.21971,,,,,,,,,gsplat-renderer,,ok,,
2026-05-26T10:13:52.651758+00:00,idle,/api/render,idle,59,0,960,540,3.3700721193054144,0.0,3.0,0.0,0.0,0.0,45.0,z,240.43,0.240433,236.14,0.23614,,,,,,,,,gsplat-renderer,,ok,,
2026-05-26T10:13:52.876178+00:00,idle,/api/render,idle,60,0,960,540,3.4271919857343196,0.0,3.0,0.0,0.0,0.0,45.0,z,224.3,0.224297,220.16,0.22016,,,,,,,,,gsplat-renderer,,ok,,
2026-05-26T10:13:53.099542+00:00,idle,/api/render,idle,61,0,960,540,3.4843118521632257,0.0,3.0,0.0,0.0,0.0,45.0,z,223.25,0.223247,216.14,0.21614,,,,,,,,,gsplat-renderer,,ok,,
2026-05-26T10:13:53.394641+00:00,idle,/api/render,idle,62,0,960,540,3.5414317185921305,0.0,3.0,0.0,0.0,0.0,45.0,z,294.92,0.294918,288.19,0.28819,,,,,,,,,gsplat-renderer,,ok,,
2026-05-26T10:13:53.626735+00:00,idle,/api/render,idle,63,0,960,540,3.598551585021036,0.0,3.0,0.0,0.0,0.0,45.0,z,231.94,0.231935,226.29,0.22629,,,,,,,,,gsplat-renderer,,ok,,
2026-05-26T10:13:53.849691+00:00,idle,/api/render,idle,64,0,960,540,3.655671451449941,0.0,3.0,0.0,0.0,0.0,45.0,z,222.84,0.222839,218.11,0.21811,,,,,,,,,gsplat-renderer,,ok,,
2026-05-26T10:13:54.070454+00:00,idle,/api/render,idle,65,0,960,540,3.712791317878847,0.0,3.0,0.0,0.0,0.0,45.0,z,220.64,0.220644,215.96,0.21596,,,,,,,,,gsplat-renderer,,ok,,
2026-05-26T10:13:54.291043+00:00,idle,/api/render,idle,66,0,960,540,3.7699111843077517,0.0,3.0,0.0,0.0,0.0,45.0,z,220.46,0.220462,215.41,0.21541,,,,,,,,,gsplat-renderer,,ok,,
2026-05-26T10:13:54.512849+00:00,idle,/api/render,idle,67,0,960,540,3.8270310507366574,0.0,3.0,0.0,0.0,0.0,45.0,z,221.68,0.22168,216.77,0.21677,,,,,,,,,gsplat-renderer,,ok,,
2026-05-26T10:13:54.739676+00:00,idle,/api/render,idle,68,0,960,540,3.884150917165562,0.0,3.0,0.0,0.0,0.0,45.0,z,226.71,0.226706,221.17,0.22117,,,,,,,,,gsplat-renderer,,ok,,
2026-05-26T10:13:54.966844+00:00,idle,/api/render,idle,69,0,960,540,3.9412707835944683,0.0,3.0,0.0,0.0,0.0,45.0,z,227.03,0.227033,222.84,0.22284,,,,,,,,,gsplat-renderer,,ok,,
2026-05-26T10:13:55.190155+00:00,idle,/api/render,idle,70,0,960,540,3.998390650023373,0.0,3.0,0.0,0.0,0.0,45.0,z,223.18,0.223182,218.52,0.21852,,,,,,,,,gsplat-renderer,,ok,,
2026-05-26T10:13:55.426717+00:00,idle,/api/render,idle,71,0,960,540,4.055510516452278,0.0,3.0,0.0,0.0,0.0,45.0,z,236.44,0.236438,231.17,0.23117,,,,,,,,,gsplat-renderer,,ok,,
2026-05-26T10:13:55.655097+00:00,idle,/api/render,idle,72,0,960,540,4.112630382881184,0.0,3.0,0.0,0.0,0.0,45.0,z,228.23,0.228227,223.23,0.22323,,,,,,,,,gsplat-renderer,,ok,,
2026-05-26T10:13:55.884247+00:00,idle,/api/render,idle,73,0,960,540,4.1697502493100895,0.0,3.0,0.0,0.0,0.0,45.0,z,229.02,0.229022,224.63,0.22463,,,,,,,,,gsplat-renderer,,ok,,
2026-05-26T10:13:56.072814+00:00,idle,/api/render,idle,74,0,960,540,4.226870115738994,0.0,3.0,0.0,0.0,0.0,45.0,z,188.45,0.188451,184.99,0.18499,,,,,,,,,gsplat-renderer,,ok,,
2026-05-26T10:13:56.290852+00:00,idle,/api/render,idle,75,0,960,540,4.2839899821679,0.0,3.0,0.0,0.0,0.0,45.0,z,217.92,0.217924,213.89,0.21389,,,,,,,,,gsplat-renderer,,ok,,
2026-05-26T10:13:56.514839+00:00,idle,/api/render,idle,76,0,960,540,4.341109848596805,0.0,3.0,0.0,0.0,0.0,45.0,z,223.87,0.223872,219.33,0.21933,,,,,,,,,gsplat-renderer,,ok,,
2026-05-26T10:13:56.735609+00:00,idle,/api/render,idle,77,0,960,540,4.39822971502571,0.0,3.0,0.0,0.0,0.0,45.0,z,220.66,0.220656,215.65,0.21565,,,,,,,,,gsplat-renderer,,ok,,
2026-05-26T10:13:56.965100+00:00,idle,/api/render,idle,78,0,960,540,4.455349581454616,0.0,3.0,0.0,0.0,0.0,45.0,z,229.37,0.229366,224.97,0.22497,,,,,,,,,gsplat-renderer,,ok,,
2026-05-26T10:13:57.194775+00:00,idle,/api/render,idle,79,0,960,540,4.512469447883521,0.0,3.0,0.0,0.0,0.0,45.0,z,229.55,0.229554,225.35,0.22535,,,,,,,,,gsplat-renderer,,ok,,
2026-05-26T10:13:57.415491+00:00,idle,/api/render,idle,80,0,960,540,4.569589314312426,0.0,3.0,0.0,0.0,0.0,45.0,z,220.6,0.2206,216.51,0.21651,,,,,,,,,gsplat-renderer,,ok,,
2026-05-26T10:13:57.644941+00:00,idle,/api/render,idle,81,0,960,540,4.626709180741331,0.0,3.0,0.0,0.0,0.0,45.0,z,229.34,0.229335,224.8,0.2248,,,,,,,,,gsplat-renderer,,ok,,
2026-05-26T10:13:57.865207+00:00,idle,/api/render,idle,82,0,960,540,4.683829047170238,0.0,3.0,0.0,0.0,0.0,45.0,z,220.15,0.220151,215.09,0.21509,,,,,,,,,gsplat-renderer,,ok,,
2026-05-26T10:13:58.085095+00:00,idle,/api/render,idle,83,0,960,540,4.7409489135991425,0.0,3.0,0.0,0.0,0.0,45.0,z,219.77,0.219766,214.41,0.21441,,,,,,,,,gsplat-renderer,,ok,,
2026-05-26T10:13:58.303513+00:00,idle,/api/render,idle,84,0,960,540,4.798068780028048,0.0,3.0,0.0,0.0,0.0,45.0,z,218.29,0.218292,213.38,0.21338,,,,,,,,,gsplat-renderer,,ok,,
2026-05-26T10:13:58.526226+00:00,idle,/api/render,idle,85,0,960,540,4.855188646456953,0.0,3.0,0.0,0.0,0.0,45.0,z,222.59,0.222594,217.25,0.21725,,,,,,,,,gsplat-renderer,,ok,,
2026-05-26T10:13:58.746749+00:00,idle,/api/render,idle,86,0,960,540,4.9123085128858595,0.0,3.0,0.0,0.0,0.0,45.0,z,220.41,0.220406,215.61,0.21561,,,,,,,,,gsplat-renderer,,ok,,
2026-05-26T10:13:58.972656+00:00,idle,/api/render,idle,87,0,960,540,4.969428379314764,0.0,3.0,0.0,0.0,0.0,45.0,z,225.79,0.225794,220.9,0.2209,,,,,,,,,gsplat-renderer,,ok,,
2026-05-26T10:13:59.204303+00:00,idle,/api/render,idle,88,0,960,540,5.026548245743669,0.0,3.0,0.0,0.0,0.0,45.0,z,231.54,0.231537,226.92,0.22692,,,,,,,,,gsplat-renderer,,ok,,
2026-05-26T10:13:59.436341+00:00,idle,/api/render,idle,89,0,960,540,5.083668112172574,0.0,3.0,0.0,0.0,0.0,45.0,z,231.93,0.231926,227.4,0.2274,,,,,,,,,gsplat-renderer,,ok,,
2026-05-26T10:13:59.666194+00:00,idle,/api/render,idle,90,0,960,540,5.14078797860148,0.0,3.0,0.0,0.0,0.0,45.0,z,229.73,0.229731,225.44,0.22544,,,,,,,,,gsplat-renderer,,ok,,
2026-05-26T10:13:59.886993+00:00,idle,/api/render,idle,91,0,960,540,5.197907845030385,0.0,3.0,0.0,0.0,0.0,45.0,z,220.68,0.220682,215.44,0.21544,,,,,,,,,gsplat-renderer,,ok,,
2026-05-26T10:14:00.091834+00:00,idle,/api/render,idle,92,0,960,540,5.25502771145929,0.0,3.0,0.0,0.0,0.0,45.0,z,204.7,0.204696,200.78,0.20078,,,,,,,,,gsplat-renderer,,ok,,
2026-05-26T10:14:00.264763+00:00,idle,/api/render,idle,93,0,960,540,5.312147577888196,0.0,3.0,0.0,0.0,0.0,45.0,z,172.81,0.172811,169.23,0.16923,,,,,,,,,gsplat-renderer,,ok,,
2026-05-26T10:14:00.444069+00:00,idle,/api/render,idle,94,0,960,540,5.369267444317101,0.0,3.0,0.0,0.0,0.0,45.0,z,179.14,0.179143,175.77,0.17577,,,,,,,,,gsplat-renderer,,ok,,
2026-05-26T10:14:00.674168+00:00,idle,/api/render,idle,95,0,960,540,5.426387310746007,0.0,3.0,0.0,0.0,0.0,45.0,z,229.96,0.22996,225.65,0.22565,,,,,,,,,gsplat-renderer,,ok,,
2026-05-26T10:14:00.898250+00:00,idle,/api/render,idle,96,0,960,540,5.4835071771749115,0.0,3.0,0.0,0.0,0.0,45.0,z,223.97,0.223965,218.61,0.21861,,,,,,,,,gsplat-renderer,,ok,,
2026-05-26T10:14:01.108116+00:00,idle,/api/render,idle,97,0,960,540,5.540627043603817,0.0,3.0,0.0,0.0,0.0,45.0,z,209.72,0.209716,205.59,0.20559,,,,,,,,,gsplat-renderer,,ok,,
2026-05-26T10:14:01.287293+00:00,idle,/api/render,idle,98,0,960,540,5.597746910032722,0.0,3.0,0.0,0.0,0.0,45.0,z,179.06,0.179056,175.33,0.17533,,,,,,,,,gsplat-renderer,,ok,,
2026-05-26T10:14:01.460858+00:00,idle,/api/render,idle,99,0,960,540,5.654866776461628,0.0,3.0,0.0,0.0,0.0,45.0,z,173.45,0.173453,169.96,0.16996,,,,,,,,,gsplat-renderer,,ok,,
2026-05-26T10:14:01.663264+00:00,idle,/api/render,idle,100,0,960,540,5.711986642890532,0.0,3.0,0.0,0.0,0.0,45.0,z,202.29,0.202286,198.89,0.19889,,,,,,,,,gsplat-renderer,,ok,,
2026-05-26T10:14:01.850979+00:00,idle,/api/render,idle,101,0,960,540,5.769106509319439,0.0,3.0,0.0,0.0,0.0,45.0,z,187.6,0.187605,184.52,0.18452,,,,,,,,,gsplat-renderer,,ok,,
2026-05-26T10:14:02.011379+00:00,idle,/api/render,idle,102,0,960,540,5.826226375748344,0.0,3.0,0.0,0.0,0.0,45.0,z,160.29,0.16029,157.29,0.15729,,,,,,,,,gsplat-renderer,,ok,,
2026-05-26T10:14:02.182692+00:00,idle,/api/render,idle,103,0,960,540,5.883346242177249,0.0,3.0,0.0,0.0,0.0,45.0,z,171.2,0.171196,168.14,0.16814,,,,,,,,,gsplat-renderer,,ok,,
2026-05-26T10:14:02.353437+00:00,idle,/api/render,idle,104,0,960,540,5.940466108606155,0.0,3.0,0.0,0.0,0.0,45.0,z,170.63,0.170628,167.71,0.16771,,,,,,,,,gsplat-renderer,,ok,,
2026-05-26T10:14:02.508253+00:00,idle,/api/render,idle,105,0,960,540,5.99758597503506,0.0,3.0,0.0,0.0,0.0,45.0,z,154.7,0.1547,151.86,0.15186,,,,,,,,,gsplat-renderer,,ok,,
2026-05-26T10:14:02.671805+00:00,idle,/api/render,idle,106,0,960,540,6.0547058414639645,0.0,3.0,0.0,0.0,0.0,45.0,z,163.43,0.16343,160.36,0.16036,,,,,,,,,gsplat-renderer,,ok,,
2026-05-26T10:14:02.703062+00:00,idle,/api/render,idle,107,0,960,540,6.11182570789287,0.0,3.0,0.0,0.0,0.0,45.0,z,31.14,0.031143,29.32,0.02932,,,,,,,,,gsplat-renderer,,ok,,
2026-05-26T10:14:02.772893+00:00,idle,/api/render,idle,108,0,960,540,6.168945574321776,0.0,3.0,0.0,0.0,0.0,45.0,z,69.72,0.069718,67.73,0.06773,,,,,,,,,gsplat-renderer,,ok,,
2026-05-26T10:14:02.874085+00:00,idle,/api/render,idle,109,0,960,540,6.2260654407506815,0.0,3.0,0.0,0.0,0.0,45.0,z,101.09,0.10109,98.65,0.09865,,,,,,,,,gsplat-renderer,,ok,,
2026-05-26T10:14:03.832234+00:00,refine-view,/api/refine-view,idle,0,1,960,540,0.0,0.0,3.0,0.0,0.0,0.0,45.0,z,958.03,0.958031,100.93,0.10093,101.05,0.10105,851.98,0.85198,953.13,0.95313,851.89,0.85189,gsplat-renderer,difix3d-worker-refiner,ok,False,difix3d adapter refinement complete
2026-05-26T10:14:04.843005+00:00,refine-view,/api/refine-view,idle,1,1,960,540,0.057119866428905326,0.0,3.0,0.0,0.0,0.0,45.0,z,1010.64,1.010641,174.06,0.17406,174.32,0.17432,828.98,0.82898,1003.35,1.00335,828.92,0.82892,gsplat-renderer,difix3d-worker-refiner,ok,False,difix3d adapter refinement complete
2026-05-26T10:14:05.864497+00:00,refine-view,/api/refine-view,idle,2,1,960,540,0.11423973285781065,0.0,3.0,0.0,0.0,0.0,45.0,z,1021.21,1.021207,176.6,0.1766,176.97,0.17697,836.17,0.83617,1013.19,1.01319,836.09,0.83609,gsplat-renderer,difix3d-worker-refiner,ok,False,difix3d adapter refinement complete
2026-05-26T10:14:06.888350+00:00,refine-view,/api/refine-view,idle,3,1,960,540,0.17135959928671599,0.0,3.0,0.0,0.0,0.0,45.0,z,1023.56,1.023562,165.66,0.16566,165.91,0.16591,848.5,0.8485,1014.5,1.0145,848.44,0.84844,gsplat-renderer,difix3d-worker-refiner,ok,False,difix3d adapter refinement complete
2026-05-26T10:14:07.879609+00:00,refine-view,/api/refine-view,idle,4,1,960,540,0.2284794657156213,0.0,3.0,0.0,0.0,0.0,45.0,z,991.09,0.99109,97.96,0.09796,98.16,0.09816,886.72,0.88672,984.94,0.98494,886.68,0.88668,gsplat-renderer,difix3d-worker-refiner,ok,False,difix3d adapter refinement complete
2026-05-26T10:14:08.860163+00:00,refine-view,/api/refine-view,idle,5,1,960,540,0.28559933214452665,0.0,3.0,0.0,0.0,0.0,45.0,z,980.38,0.980381,103.3,0.1033,103.5,0.1035,872.08,0.87208,975.64,0.97564,872.04,0.87204,gsplat-renderer,difix3d-worker-refiner,ok,False,difix3d adapter refinement complete
2026-05-26T10:14:09.890735+00:00,refine-view,/api/refine-view,idle,6,1,960,540,0.34271919857343197,0.0,3.0,0.0,0.0,0.0,45.0,z,1030.45,1.030448,194.2,0.1942,194.54,0.19454,827.94,0.82794,1022.54,1.02254,827.77,0.82777,gsplat-renderer,difix3d-worker-refiner,ok,False,difix3d adapter refinement complete
2026-05-26T10:14:10.917885+00:00,refine-view,/api/refine-view,idle,7,1,960,540,0.3998390650023373,0.0,3.0,0.0,0.0,0.0,45.0,z,1026.83,1.026831,146.62,0.14662,146.85,0.14685,873.62,0.87362,1020.53,1.02053,873.57,0.87357,gsplat-renderer,difix3d-worker-refiner,ok,False,difix3d adapter refinement complete
2026-05-26T10:14:11.946712+00:00,refine-view,/api/refine-view,idle,8,1,960,540,0.4569589314312426,0.0,3.0,0.0,0.0,0.0,45.0,z,1028.7,1.028698,171.0,0.171,171.23,0.17123,850.98,0.85098,1022.26,1.02226,850.92,0.85092,gsplat-renderer,difix3d-worker-refiner,ok,False,difix3d adapter refinement complete
2026-05-26T10:14:12.878618+00:00,refine-view,/api/refine-view,idle,9,1,960,540,0.514078797860148,0.0,3.0,0.0,0.0,0.0,45.0,z,931.77,0.931772,63.53,0.06353,63.72,0.06372,864.03,0.86403,927.81,0.92781,863.99,0.86399,gsplat-renderer,difix3d-worker-refiner,ok,False,difix3d adapter refinement complete
2026-05-26T10:14:13.830698+00:00,refine-view,/api/refine-view,idle,10,0,960,540,0.5711986642890533,0.0,3.0,0.0,0.0,0.0,45.0,z,951.95,0.95195,126.55,0.12655,126.77,0.12677,820.11,0.82011,946.93,0.94693,820.06,0.82006,gsplat-renderer,difix3d-worker-refiner,ok,False,difix3d adapter refinement complete
2026-05-26T10:14:14.779789+00:00,refine-view,/api/refine-view,idle,11,0,960,540,0.6283185307179586,0.0,3.0,0.0,0.0,0.0,45.0,z,948.96,0.948964,119.08,0.11908,119.27,0.11927,825.0,0.825,944.32,0.94432,824.93,0.82493,gsplat-renderer,difix3d-worker-refiner,ok,False,difix3d adapter refinement complete
2026-05-26T10:14:15.824184+00:00,refine-view,/api/refine-view,idle,12,0,960,540,0.6854383971468639,0.0,3.0,0.0,0.0,0.0,45.0,z,1044.26,1.044262,164.64,0.16464,164.88,0.16488,873.39,0.87339,1038.33,1.03833,873.33,0.87333,gsplat-renderer,difix3d-worker-refiner,ok,False,difix3d adapter refinement complete
2026-05-26T10:14:16.835307+00:00,refine-view,/api/refine-view,idle,13,0,960,540,0.7425582635757694,0.0,3.0,0.0,0.0,0.0,45.0,z,1010.99,1.010989,185.51,0.18551,185.71,0.18571,818.7,0.8187,1004.47,1.00447,818.64,0.81864,gsplat-renderer,difix3d-worker-refiner,ok,False,difix3d adapter refinement complete
2026-05-26T10:14:17.845341+00:00,refine-view,/api/refine-view,idle,14,0,960,540,0.7996781300046746,0.0,3.0,0.0,0.0,0.0,45.0,z,1009.91,1.009906,194.93,0.19493,195.26,0.19526,807.94,0.80794,1003.26,1.00326,807.77,0.80777,gsplat-renderer,difix3d-worker-refiner,ok,False,difix3d adapter refinement complete
2026-05-26T10:14:18.883128+00:00,refine-view,/api/refine-view,idle,15,0,960,540,0.8567979964335799,0.0,3.0,0.0,0.0,0.0,45.0,z,1037.66,1.037661,223.99,0.22399,224.32,0.22432,805.24,0.80524,1029.62,1.02962,805.13,0.80513,gsplat-renderer,difix3d-worker-refiner,ok,False,difix3d adapter refinement complete
2026-05-26T10:14:19.898846+00:00,refine-view,/api/refine-view,idle,16,0,960,540,0.9139178628624852,0.0,3.0,0.0,0.0,0.0,45.0,z,1015.34,1.015338,195.44,0.19544,195.81,0.19581,809.36,0.80936,1005.23,1.00523,809.17,0.80917,gsplat-renderer,difix3d-worker-refiner,ok,False,difix3d adapter refinement complete
2026-05-26T10:14:20.955377+00:00,refine-view,/api/refine-view,idle,17,0,960,540,0.9710377292913905,0.0,3.0,0.0,0.0,0.0,45.0,z,1056.25,1.056247,246.84,0.24684,247.22,0.24722,798.43,0.79843,1045.7,1.0457,798.32,0.79832,gsplat-renderer,difix3d-worker-refiner,ok,False,difix3d adapter refinement complete
2026-05-26T10:14:22.013129+00:00,refine-view,/api/refine-view,idle,18,0,960,540,1.028157595720296,0.0,3.0,0.0,0.0,0.0,45.0,z,1057.47,1.05747,227.75,0.22775,228.12,0.22812,818.49,0.81849,1046.67,1.04667,818.28,0.81828,gsplat-renderer,difix3d-worker-refiner,ok,False,difix3d adapter refinement complete
2026-05-26T10:14:23.049086+00:00,refine-view,/api/refine-view,idle,19,0,960,540,1.0852774621492012,0.0,3.0,0.0,0.0,0.0,45.0,z,1035.65,1.035654,226.18,0.22618,226.58,0.22658,799.16,0.79916,1025.8,1.0258,798.93,0.79893,gsplat-renderer,difix3d-worker-refiner,ok,False,difix3d adapter refinement complete
2026-05-26T10:14:24.086625+00:00,refine-view,/api/refine-view,idle,20,0,960,540,1.1423973285781066,0.0,3.0,0.0,0.0,0.0,45.0,z,1037.25,1.037253,215.83,0.21583,216.19,0.21619,810.0,0.81,1026.26,1.02626,809.8,0.8098,gsplat-renderer,difix3d-worker-refiner,ok,False,difix3d adapter refinement complete
2026-05-26T10:14:25.127207+00:00,refine-view,/api/refine-view,idle,21,0,960,540,1.199517195007012,0.0,3.0,0.0,0.0,0.0,45.0,z,1040.41,1.040407,230.18,0.23018,230.57,0.23057,799.89,0.79989,1030.52,1.03052,799.81,0.79981,gsplat-renderer,difix3d-worker-refiner,ok,False,difix3d adapter refinement complete
2026-05-26T10:14:26.186061+00:00,refine-view,/api/refine-view,idle,22,0,960,540,1.2566370614359172,0.0,3.0,0.0,0.0,0.0,45.0,z,1058.67,1.058669,217.09,0.21709,217.44,0.21744,832.57,0.83257,1050.08,1.05008,832.39,0.83239,gsplat-renderer,difix3d-worker-refiner,ok,False,difix3d adapter refinement complete
2026-05-26T10:14:27.213744+00:00,refine-view,/api/refine-view,idle,23,0,960,540,1.3137569278648225,0.0,3.0,0.0,0.0,0.0,45.0,z,1027.51,1.027509,132.41,0.13241,132.64,0.13264,889.98,0.88998,1022.67,1.02267,889.93,0.88993,gsplat-renderer,difix3d-worker-refiner,ok,False,difix3d adapter refinement complete
2026-05-26T10:14:28.258142+00:00,refine-view,/api/refine-view,idle,24,0,960,540,1.3708767942937279,0.0,3.0,0.0,0.0,0.0,45.0,z,1044.27,1.044271,225.43,0.22543,225.79,0.22579,810.98,0.81098,1036.83,1.03683,810.9,0.8109,gsplat-renderer,difix3d-worker-refiner,ok,False,difix3d adapter refinement complete
2026-05-26T10:14:29.297210+00:00,refine-view,/api/refine-view,idle,25,0,960,540,1.427996660722633,0.0,3.0,0.0,0.0,0.0,45.0,z,1038.93,1.038929,212.23,0.21223,212.6,0.2126,819.05,0.81905,1031.71,1.03171,818.97,0.81897,gsplat-renderer,difix3d-worker-refiner,ok,False,difix3d adapter refinement complete
2026-05-26T10:14:30.329585+00:00,refine-view,/api/refine-view,idle,26,0,960,540,1.4851165271515387,0.0,3.0,0.0,0.0,0.0,45.0,z,1032.25,1.032246,225.14,0.22514,225.51,0.22551,797.4,0.7974,1023.02,1.02302,797.32,0.79732,gsplat-renderer,difix3d-worker-refiner,ok,False,difix3d adapter refinement complete
2026-05-26T10:14:31.378737+00:00,refine-view,/api/refine-view,idle,27,0,960,540,1.542236393580444,0.0,3.0,0.0,0.0,0.0,45.0,z,1049.01,1.049014,232.12,0.23212,232.75,0.23275,807.15,0.80715,1040.01,1.04001,806.51,0.80651,gsplat-renderer,difix3d-worker-refiner,ok,False,difix3d adapter refinement complete
2026-05-26T10:14:32.417277+00:00,refine-view,/api/refine-view,idle,28,0,960,540,1.5993562600093492,0.0,3.0,0.0,0.0,0.0,45.0,z,1038.4,1.038403,211.86,0.21186,212.2,0.2122,818.41,0.81841,1030.68,1.03068,818.34,0.81834,gsplat-renderer,difix3d-worker-refiner,ok,False,difix3d adapter refinement complete
2026-05-26T10:14:33.410419+00:00,refine-view,/api/refine-view,idle,29,0,960,540,1.6564761264382546,0.0,3.0,0.0,0.0,0.0,45.0,z,993.01,0.993009,131.44,0.13144,131.74,0.13174,853.48,0.85348,985.34,0.98534,853.25,0.85325,gsplat-renderer,difix3d-worker-refiner,ok,False,difix3d adapter refinement complete
2026-05-26T10:14:34.449602+00:00,refine-view,/api/refine-view,idle,30,0,960,540,1.7135959928671598,0.0,3.0,0.0,0.0,0.0,45.0,z,1039.01,1.039006,179.17,0.17917,179.48,0.17948,851.26,0.85126,1030.79,1.03079,851.21,0.85121,gsplat-renderer,difix3d-worker-refiner,ok,False,difix3d adapter refinement complete
2026-05-26T10:14:35.458722+00:00,refine-view,/api/refine-view,idle,31,0,960,540,1.7707158592960652,0.0,3.0,0.0,0.0,0.0,45.0,z,1008.95,1.008954,148.69,0.14869,148.9,0.1489,852.84,0.85284,1001.79,1.00179,852.79,0.85279,gsplat-renderer,difix3d-worker-refiner,ok,False,difix3d adapter refinement complete
2026-05-26T10:14:36.479653+00:00,refine-view,/api/refine-view,idle,32,0,960,540,1.8278357257249704,0.0,3.0,0.0,0.0,0.0,45.0,z,1020.8,1.020799,205.12,0.20512,205.4,0.2054,805.12,0.80512,1010.58,1.01058,804.94,0.80494,gsplat-renderer,difix3d-worker-refiner,ok,False,difix3d adapter refinement complete
2026-05-26T10:14:37.511499+00:00,refine-view,/api/refine-view,idle,33,0,960,540,1.8849555921538759,0.0,3.0,0.0,0.0,0.0,45.0,z,1031.66,1.031656,228.36,0.22836,228.75,0.22875,793.47,0.79347,1022.29,1.02229,793.39,0.79339,gsplat-renderer,difix3d-worker-refiner,ok,False,difix3d adapter refinement complete
2026-05-26T10:14:38.543397+00:00,refine-view,/api/refine-view,idle,34,0,960,540,1.942075458582781,0.0,3.0,0.0,0.0,0.0,45.0,z,1031.52,1.03152,235.1,0.2351,235.52,0.23552,784.05,0.78405,1019.69,1.01969,783.95,0.78395,gsplat-renderer,difix3d-worker-refiner,ok,False,difix3d adapter refinement complete
2026-05-26T10:14:39.592183+00:00,refine-view,/api/refine-view,idle,35,0,960,540,1.9991953250116865,0.0,3.0,0.0,0.0,0.0,45.0,z,1048.45,1.048452,253.21,0.25321,253.54,0.25354,782.39,0.78239,1035.99,1.03599,782.3,0.7823,gsplat-renderer,difix3d-worker-refiner,ok,False,difix3d adapter refinement complete
2026-05-26T10:14:40.623520+00:00,refine-view,/api/refine-view,idle,36,0,960,540,2.056315191440592,0.0,3.0,0.0,0.0,0.0,45.0,z,1030.97,1.030969,215.91,0.21591,216.2,0.2162,805.54,0.80554,1021.8,1.0218,805.41,0.80541,gsplat-renderer,difix3d-worker-refiner,ok,False,difix3d adapter refinement complete
2026-05-26T10:14:41.691417+00:00,refine-view,/api/refine-view,idle,37,0,960,540,2.113435057869497,0.0,3.0,0.0,0.0,0.0,45.0,z,1067.76,1.067763,117.28,0.11728,117.49,0.11749,943.93,0.94393,1061.53,1.06153,943.86,0.94386,gsplat-renderer,difix3d-worker-refiner,ok,False,difix3d adapter refinement complete
2026-05-26T10:14:42.606839+00:00,refine-view,/api/refine-view,idle,38,0,960,540,2.1705549242984024,0.0,3.0,0.0,0.0,0.0,45.0,z,915.29,0.915293,43.4,0.0434,43.58,0.04358,867.45,0.86745,911.09,0.91109,867.41,0.86741,gsplat-renderer,difix3d-worker-refiner,ok,False,difix3d adapter refinement complete
2026-05-26T10:14:43.642763+00:00,refine-view,/api/refine-view,idle,39,0,960,540,2.227674790727308,0.0,3.0,0.0,0.0,0.0,45.0,z,1035.79,1.035792,183.17,0.18317,183.4,0.1834,843.58,0.84358,1027.03,1.02703,843.52,0.84352,gsplat-renderer,difix3d-worker-refiner,ok,False,difix3d adapter refinement complete
2026-05-26T10:14:44.676732+00:00,refine-view,/api/refine-view,idle,40,0,960,540,2.284794657156213,0.0,3.0,0.0,0.0,0.0,45.0,z,1033.79,1.033787,198.3,0.1983,198.56,0.19856,828.25,0.82825,1026.86,1.02686,828.16,0.82816,gsplat-renderer,difix3d-worker-refiner,ok,False,difix3d adapter refinement complete
2026-05-26T10:14:45.724545+00:00,refine-view,/api/refine-view,idle,41,0,960,540,2.341914523585119,0.0,3.0,0.0,0.0,0.0,45.0,z,1047.68,1.047682,205.27,0.20527,205.54,0.20554,832.8,0.8328,1038.44,1.03844,832.68,0.83268,gsplat-renderer,difix3d-worker-refiner,ok,False,difix3d adapter refinement complete
2026-05-26T10:14:46.781781+00:00,refine-view,/api/refine-view,idle,42,0,960,540,2.399034390014024,0.0,3.0,0.0,0.0,0.0,45.0,z,1057.06,1.057064,218.75,0.21875,219.02,0.21902,830.77,0.83077,1049.85,1.04985,830.69,0.83069,gsplat-renderer,difix3d-worker-refiner,ok,False,difix3d adapter refinement complete
2026-05-26T10:14:47.828142+00:00,refine-view,/api/refine-view,idle,43,0,960,540,2.4561542564429297,0.0,3.0,0.0,0.0,0.0,45.0,z,1046.22,1.046215,212.97,0.21297,213.34,0.21334,824.06,0.82406,1037.47,1.03747,823.98,0.82398,gsplat-renderer,difix3d-worker-refiner,ok,False,difix3d adapter refinement complete
2026-05-26T10:14:48.850025+00:00,refine-view,/api/refine-view,idle,44,0,960,540,2.5132741228718345,0.0,3.0,0.0,0.0,0.0,45.0,z,1021.73,1.021732,216.55,0.21655,216.82,0.21682,796.26,0.79626,1013.14,1.01314,796.18,0.79618,gsplat-renderer,difix3d-worker-refiner,ok,False,difix3d adapter refinement complete
2026-05-26T10:14:49.904742+00:00,refine-view,/api/refine-view,idle,45,0,960,540,2.57039398930074,0.0,3.0,0.0,0.0,0.0,45.0,z,1054.57,1.054571,238.04,0.23804,238.3,0.2383,807.95,0.80795,1046.32,1.04632,807.86,0.80786,gsplat-renderer,difix3d-worker-refiner,ok,False,difix3d adapter refinement complete
2026-05-26T10:14:50.945013+00:00,refine-view,/api/refine-view,idle,46,0,960,540,2.627513855729645,0.0,3.0,0.0,0.0,0.0,45.0,z,1040.13,1.040127,229.15,0.22915,229.4,0.2294,802.48,0.80248,1031.93,1.03193,802.34,0.80234,gsplat-renderer,difix3d-worker-refiner,ok,False,difix3d adapter refinement complete
2026-05-26T10:14:52.003630+00:00,refine-view,/api/refine-view,idle,47,0,960,540,2.6846337221585506,0.0,3.0,0.0,0.0,0.0,45.0,z,1058.47,1.058474,248.39,0.24839,248.65,0.24865,801.75,0.80175,1050.46,1.05046,801.61,0.80161,gsplat-renderer,difix3d-worker-refiner,ok,False,difix3d adapter refinement complete
2026-05-26T10:14:53.052402+00:00,refine-view,/api/refine-view,idle,48,0,960,540,2.7417535885874558,0.0,3.0,0.0,0.0,0.0,45.0,z,1048.64,1.048641,235.36,0.23536,235.63,0.23563,804.89,0.80489,1040.57,1.04057,804.81,0.80481,gsplat-renderer,difix3d-worker-refiner,ok,False,difix3d adapter refinement complete
2026-05-26T10:14:54.094649+00:00,refine-view,/api/refine-view,idle,49,0,960,540,2.798873455016361,0.0,3.0,0.0,0.0,0.0,45.0,z,1042.11,1.042107,232.48,0.23248,232.75,0.23275,801.6,0.8016,1034.42,1.03442,801.52,0.80152,gsplat-renderer,difix3d-worker-refiner,ok,False,difix3d adapter refinement complete
2026-05-26T10:14:55.130299+00:00,refine-view,/api/refine-view,idle,50,0,960,540,2.855993321445266,0.0,3.0,0.0,0.0,0.0,45.0,z,1035.52,1.035515,225.07,0.22507,225.31,0.22531,801.95,0.80195,1027.32,1.02732,801.75,0.80175,gsplat-renderer,difix3d-worker-refiner,ok,False,difix3d adapter refinement complete
2026-05-26T10:14:56.150546+00:00,refine-view,/api/refine-view,idle,51,0,960,540,2.913113187874172,0.0,3.0,0.0,0.0,0.0,45.0,z,1020.12,1.020118,213.62,0.21362,213.89,0.21389,796.49,0.79649,1010.43,1.01043,796.27,0.79627,gsplat-renderer,difix3d-worker-refiner,ok,False,difix3d adapter refinement complete
2026-05-26T10:14:57.160009+00:00,refine-view,/api/refine-view,idle,52,0,960,540,2.9702330543030775,0.0,3.0,0.0,0.0,0.0,45.0,z,1009.33,1.009328,211.93,0.21193,212.18,0.21218,788.68,0.78868,1000.92,1.00092,788.53,0.78853,gsplat-renderer,difix3d-worker-refiner,ok,False,difix3d adapter refinement complete
2026-05-26T10:14:58.251646+00:00,refine-view,/api/refine-view,idle,53,0,960,540,3.0273529207319823,0.0,3.0,0.0,0.0,0.0,45.0,z,1091.49,1.091491,198.33,0.19833,198.6,0.1986,881.72,0.88172,1080.39,1.08039,881.54,0.88154,gsplat-renderer,difix3d-worker-refiner,ok,False,difix3d adapter refinement complete
2026-05-26T10:14:59.268525+00:00,refine-view,/api/refine-view,idle,54,0,960,540,3.084472787160888,0.0,3.0,0.0,0.0,0.0,45.0,z,1016.59,1.016587,219.74,0.21974,220.02,0.22002,787.41,0.78741,1007.49,1.00749,787.32,0.78732,gsplat-renderer,difix3d-worker-refiner,ok,False,difix3d adapter refinement complete
2026-05-26T10:15:00.302345+00:00,refine-view,/api/refine-view,idle,55,0,960,540,3.141592653589793,0.0,3.0,0.0,0.0,0.0,45.0,z,1033.42,1.033417,223.88,0.22388,224.15,0.22415,798.44,0.79844,1022.65,1.02265,798.29,0.79829,gsplat-renderer,difix3d-worker-refiner,ok,False,difix3d adapter refinement complete
2026-05-26T10:15:01.336817+00:00,refine-view,/api/refine-view,idle,56,0,960,540,3.1987125200186983,0.0,3.0,0.0,0.0,0.0,45.0,z,1034.3,1.034301,224.39,0.22439,224.67,0.22467,801.62,0.80162,1026.34,1.02634,801.54,0.80154,gsplat-renderer,difix3d-worker-refiner,ok,False,difix3d adapter refinement complete
2026-05-26T10:15:02.366519+00:00,refine-view,/api/refine-view,idle,57,0,960,540,3.255832386447604,0.0,3.0,0.0,0.0,0.0,45.0,z,1029.56,1.029561,231.79,0.23179,232.08,0.23208,788.99,0.78899,1021.12,1.02112,788.85,0.78885,gsplat-renderer,difix3d-worker-refiner,ok,False,difix3d adapter refinement complete
2026-05-26T10:15:03.378905+00:00,refine-view,/api/refine-view,idle,58,0,960,540,3.312952252876509,0.0,3.0,0.0,0.0,0.0,45.0,z,1012.25,1.012252,221.71,0.22171,222.0,0.222,781.64,0.78164,1003.7,1.0037,781.49,0.78149,gsplat-renderer,difix3d-worker-refiner,ok,False,difix3d adapter refinement complete
2026-05-26T10:15:04.394165+00:00,refine-view,/api/refine-view,idle,59,0,960,540,3.3700721193054144,0.0,3.0,0.0,0.0,0.0,45.0,z,1015.12,1.015121,219.5,0.2195,219.76,0.21976,786.82,0.78682,1006.64,1.00664,786.67,0.78667,gsplat-renderer,difix3d-worker-refiner,ok,False,difix3d adapter refinement complete
2026-05-26T10:15:05.409006+00:00,refine-view,/api/refine-view,idle,60,0,960,540,3.4271919857343196,0.0,3.0,0.0,0.0,0.0,45.0,z,1014.7,1.0147,219.94,0.21994,220.2,0.2202,786.13,0.78613,1006.38,1.00638,785.98,0.78598,gsplat-renderer,difix3d-worker-refiner,ok,False,difix3d adapter refinement complete
2026-05-26T10:15:06.406785+00:00,refine-view,/api/refine-view,idle,61,0,960,540,3.4843118521632257,0.0,3.0,0.0,0.0,0.0,45.0,z,997.64,0.997636,217.25,0.21725,217.51,0.21751,767.52,0.76752,985.09,0.98509,767.38,0.76738,gsplat-renderer,difix3d-worker-refiner,ok,False,difix3d adapter refinement complete
2026-05-26T10:15:07.405425+00:00,refine-view,/api/refine-view,idle,62,0,960,540,3.5414317185921305,0.0,3.0,0.0,0.0,0.0,45.0,z,998.24,0.998235,214.61,0.21461,214.84,0.21484,771.07,0.77107,985.97,0.98597,770.9,0.7709,gsplat-renderer,difix3d-worker-refiner,ok,False,difix3d adapter refinement complete
2026-05-26T10:15:08.397785+00:00,refine-view,/api/refine-view,idle,63,0,960,540,3.598551585021036,0.0,3.0,0.0,0.0,0.0,45.0,z,992.21,0.992213,213.76,0.21376,213.99,0.21399,767.14,0.76714,981.18,0.98118,766.97,0.76697,gsplat-renderer,difix3d-worker-refiner,ok,False,difix3d adapter refinement complete
2026-05-26T10:15:09.379700+00:00,refine-view,/api/refine-view,idle,64,0,960,540,3.655671451449941,0.0,3.0,0.0,0.0,0.0,45.0,z,981.74,0.981745,210.74,0.21074,210.96,0.21096,759.11,0.75911,970.13,0.97013,758.95,0.75895,gsplat-renderer,difix3d-worker-refiner,ok,False,difix3d adapter refinement complete
2026-05-26T10:15:10.397623+00:00,refine-view,/api/refine-view,idle,65,0,960,540,3.712791317878847,0.0,3.0,0.0,0.0,0.0,45.0,z,1017.25,1.017249,224.42,0.22442,224.65,0.22465,781.99,0.78199,1006.71,1.00671,781.88,0.78188,gsplat-renderer,difix3d-worker-refiner,ok,False,difix3d adapter refinement complete
2026-05-26T10:15:11.411181+00:00,refine-view,/api/refine-view,idle,66,0,960,540,3.7699111843077517,0.0,3.0,0.0,0.0,0.0,45.0,z,1013.39,1.013392,216.07,0.21607,216.31,0.21631,785.64,0.78564,1002.0,1.002,785.52,0.78552,gsplat-renderer,difix3d-worker-refiner,ok,False,difix3d adapter refinement complete
2026-05-26T10:15:12.417130+00:00,refine-view,/api/refine-view,idle,67,0,960,540,3.8270310507366574,0.0,3.0,0.0,0.0,0.0,45.0,z,1005.77,1.005775,216.89,0.21689,217.12,0.21712,778.7,0.7787,995.87,0.99587,778.54,0.77854,gsplat-renderer,difix3d-worker-refiner,ok,False,difix3d adapter refinement complete
2026-05-26T10:15:13.451238+00:00,refine-view,/api/refine-view,idle,68,0,960,540,3.884150917165562,0.0,3.0,0.0,0.0,0.0,45.0,z,1033.95,1.033948,237.74,0.23774,237.96,0.23796,786.61,0.78661,1024.63,1.02463,786.51,0.78651,gsplat-renderer,difix3d-worker-refiner,ok,False,difix3d adapter refinement complete
2026-05-26T10:15:14.480370+00:00,refine-view,/api/refine-view,idle,69,0,960,540,3.9412707835944683,0.0,3.0,0.0,0.0,0.0,45.0,z,1028.94,1.028941,221.06,0.22106,221.3,0.2213,799.12,0.79912,1020.47,1.02047,798.98,0.79898,gsplat-renderer,difix3d-worker-refiner,ok,False,difix3d adapter refinement complete
2026-05-26T10:15:15.523272+00:00,refine-view,/api/refine-view,idle,70,0,960,540,3.998390650023373,0.0,3.0,0.0,0.0,0.0,45.0,z,1042.74,1.042742,215.0,0.215,215.25,0.21525,820.04,0.82004,1035.35,1.03535,819.92,0.81992,gsplat-renderer,difix3d-worker-refiner,ok,False,difix3d adapter refinement complete
2026-05-26T10:15:16.556230+00:00,refine-view,/api/refine-view,idle,71,0,960,540,4.055510516452278,0.0,3.0,0.0,0.0,0.0,45.0,z,1032.8,1.032795,229.29,0.22929,229.54,0.22954,794.85,0.79485,1024.44,1.02444,794.7,0.7947,gsplat-renderer,difix3d-worker-refiner,ok,False,difix3d adapter refinement complete
2026-05-26T10:15:17.572577+00:00,refine-view,/api/refine-view,idle,72,0,960,540,4.112630382881184,0.0,3.0,0.0,0.0,0.0,45.0,z,1016.19,1.016188,222.68,0.22268,222.91,0.22291,784.12,0.78412,1007.08,1.00708,784.02,0.78402,gsplat-renderer,difix3d-worker-refiner,ok,False,difix3d adapter refinement complete
2026-05-26T10:15:18.605012+00:00,refine-view,/api/refine-view,idle,73,0,960,540,4.1697502493100895,0.0,3.0,0.0,0.0,0.0,45.0,z,1032.27,1.032275,223.86,0.22386,224.07,0.22407,799.04,0.79904,1023.16,1.02316,798.87,0.79887,gsplat-renderer,difix3d-worker-refiner,ok,False,difix3d adapter refinement complete
2026-05-26T10:15:19.648544+00:00,refine-view,/api/refine-view,idle,74,0,960,540,4.226870115738994,0.0,3.0,0.0,0.0,0.0,45.0,z,1043.36,1.043357,214.27,0.21427,215.11,0.21511,820.92,0.82092,1036.11,1.03611,820.83,0.82083,gsplat-renderer,difix3d-worker-refiner,ok,False,difix3d adapter refinement complete
2026-05-26T10:15:20.724793+00:00,refine-view,/api/refine-view,idle,75,0,960,540,4.2839899821679,0.0,3.0,0.0,0.0,0.0,45.0,z,1076.08,1.076085,227.39,0.22739,228.02,0.22802,839.98,0.83998,1068.12,1.06812,839.91,0.83991,gsplat-renderer,difix3d-worker-refiner,ok,False,difix3d adapter refinement complete
2026-05-26T10:15:21.741220+00:00,refine-view,/api/refine-view,idle,76,0,960,540,4.341109848596805,0.0,3.0,0.0,0.0,0.0,45.0,z,1016.28,1.016277,217.6,0.2176,217.82,0.21782,788.05,0.78805,1005.93,1.00593,787.94,0.78794,gsplat-renderer,difix3d-worker-refiner,ok,False,difix3d adapter refinement complete
2026-05-26T10:15:22.753777+00:00,refine-view,/api/refine-view,idle,77,0,960,540,4.39822971502571,0.0,3.0,0.0,0.0,0.0,45.0,z,1012.4,1.012403,224.1,0.2241,224.38,0.22438,777.15,0.77715,1001.59,1.00159,777.05,0.77705,gsplat-renderer,difix3d-worker-refiner,ok,False,difix3d adapter refinement complete
2026-05-26T10:15:23.796667+00:00,refine-view,/api/refine-view,idle,78,0,960,540,4.455349581454616,0.0,3.0,0.0,0.0,0.0,45.0,z,1042.49,1.042488,234.58,0.23458,234.85,0.23485,797.35,0.79735,1032.26,1.03226,797.11,0.79711,gsplat-renderer,difix3d-worker-refiner,ok,False,difix3d adapter refinement complete
2026-05-26T10:15:24.824199+00:00,refine-view,/api/refine-view,idle,79,0,960,540,4.512469447883521,0.0,3.0,0.0,0.0,0.0,45.0,z,1027.37,1.027367,225.04,0.22504,225.29,0.22529,793.23,0.79323,1018.58,1.01858,793.01,0.79301,gsplat-renderer,difix3d-worker-refiner,ok,False,difix3d adapter refinement complete
2026-05-26T10:15:25.880552+00:00,refine-view,/api/refine-view,idle,80,0,960,540,4.569589314312426,0.0,3.0,0.0,0.0,0.0,45.0,z,1056.18,1.056179,214.99,0.21499,215.34,0.21534,831.04,0.83104,1046.43,1.04643,830.96,0.83096,gsplat-renderer,difix3d-worker-refiner,ok,False,difix3d adapter refinement complete
2026-05-26T10:15:26.926591+00:00,refine-view,/api/refine-view,idle,81,0,960,540,4.626709180741331,0.0,3.0,0.0,0.0,0.0,45.0,z,1045.86,1.04586,227.51,0.22751,227.73,0.22773,808.76,0.80876,1036.55,1.03655,808.66,0.80866,gsplat-renderer,difix3d-worker-refiner,ok,False,difix3d adapter refinement complete
2026-05-26T10:15:27.932270+00:00,refine-view,/api/refine-view,idle,82,0,960,540,4.683829047170238,0.0,3.0,0.0,0.0,0.0,45.0,z,1005.53,1.005526,213.57,0.21357,213.82,0.21382,780.42,0.78042,994.3,0.9943,780.24,0.78024,gsplat-renderer,difix3d-worker-refiner,ok,False,difix3d adapter refinement complete
2026-05-26T10:15:28.938797+00:00,refine-view,/api/refine-view,idle,83,0,960,540,4.7409489135991425,0.0,3.0,0.0,0.0,0.0,45.0,z,1006.13,1.006134,213.57,0.21357,213.79,0.21379,779.57,0.77957,993.41,0.99341,779.47,0.77947,gsplat-renderer,difix3d-worker-refiner,ok,False,difix3d adapter refinement complete
2026-05-26T10:15:29.966386+00:00,refine-view,/api/refine-view,idle,84,0,960,540,4.798068780028048,0.0,3.0,0.0,0.0,0.0,45.0,z,1027.21,1.027209,212.83,0.21283,213.11,0.21311,801.64,0.80164,1014.81,1.01481,801.45,0.80145,gsplat-renderer,difix3d-worker-refiner,ok,False,difix3d adapter refinement complete
2026-05-26T10:15:30.967628+00:00,refine-view,/api/refine-view,idle,85,0,960,540,4.855188646456953,0.0,3.0,0.0,0.0,0.0,45.0,z,1000.86,1.000861,214.69,0.21469,214.95,0.21495,772.21,0.77221,987.22,0.98722,772.11,0.77211,gsplat-renderer,difix3d-worker-refiner,ok,False,difix3d adapter refinement complete
2026-05-26T10:15:31.965369+00:00,refine-view,/api/refine-view,idle,86,0,960,540,4.9123085128858595,0.0,3.0,0.0,0.0,0.0,45.0,z,997.28,0.997279,216.03,0.21603,216.34,0.21634,767.88,0.76788,984.28,0.98428,767.69,0.76769,gsplat-renderer,difix3d-worker-refiner,ok,False,difix3d adapter refinement complete
2026-05-26T10:15:33.078421+00:00,refine-view,/api/refine-view,idle,87,0,960,540,4.969428379314764,0.0,3.0,0.0,0.0,0.0,45.0,z,1112.65,1.112647,314.37,0.31437,315.28,0.31528,784.37,0.78437,1099.75,1.09975,784.16,0.78416,gsplat-renderer,difix3d-worker-refiner,ok,False,difix3d adapter refinement complete
2026-05-26T10:15:34.104950+00:00,refine-view,/api/refine-view,idle,88,0,960,540,5.026548245743669,0.0,3.0,0.0,0.0,0.0,45.0,z,1026.12,1.026125,227.38,0.22738,227.66,0.22766,785.52,0.78552,1013.24,1.01324,785.42,0.78542,gsplat-renderer,difix3d-worker-refiner,ok,False,difix3d adapter refinement complete
2026-05-26T10:15:35.130059+00:00,refine-view,/api/refine-view,idle,89,0,960,540,5.083668112172574,0.0,3.0,0.0,0.0,0.0,45.0,z,1024.95,1.024948,228.85,0.22885,229.08,0.22908,784.45,0.78445,1013.59,1.01359,784.34,0.78434,gsplat-renderer,difix3d-worker-refiner,ok,False,difix3d adapter refinement complete
2026-05-26T10:15:36.155292+00:00,refine-view,/api/refine-view,idle,90,0,960,540,5.14078797860148,0.0,3.0,0.0,0.0,0.0,45.0,z,1024.62,1.024616,223.59,0.22359,223.8,0.2238,790.1,0.7901,1013.95,1.01395,790.0,0.79,gsplat-renderer,difix3d-worker-refiner,ok,False,difix3d adapter refinement complete
2026-05-26T10:15:37.173682+00:00,refine-view,/api/refine-view,idle,91,0,960,540,5.197907845030385,0.0,3.0,0.0,0.0,0.0,45.0,z,1018.23,1.018227,213.96,0.21396,214.18,0.21418,795.29,0.79529,1009.52,1.00952,795.09,0.79509,gsplat-renderer,difix3d-worker-refiner,ok,False,difix3d adapter refinement complete
2026-05-26T10:15:38.215988+00:00,refine-view,/api/refine-view,idle,92,0,960,540,5.25502771145929,0.0,3.0,0.0,0.0,0.0,45.0,z,1042.15,1.042148,199.06,0.19906,199.31,0.19931,835.13,0.83513,1034.5,1.0345,835.05,0.83505,gsplat-renderer,difix3d-worker-refiner,ok,False,difix3d adapter refinement complete
2026-05-26T10:15:39.241453+00:00,refine-view,/api/refine-view,idle,93,0,960,540,5.312147577888196,0.0,3.0,0.0,0.0,0.0,45.0,z,1025.31,1.02531,169.0,0.169,169.2,0.1692,845.5,0.8455,1014.74,1.01474,845.44,0.84544,gsplat-renderer,difix3d-worker-refiner,ok,False,difix3d adapter refinement complete
2026-05-26T10:15:40.276645+00:00,refine-view,/api/refine-view,idle,94,0,960,540,5.369267444317101,0.0,3.0,0.0,0.0,0.0,45.0,z,1035.0,1.035001,176.5,0.1765,176.73,0.17673,851.24,0.85124,1028.02,1.02802,851.18,0.85118,gsplat-renderer,difix3d-worker-refiner,ok,False,difix3d adapter refinement complete
2026-05-26T10:15:41.318543+00:00,refine-view,/api/refine-view,idle,95,0,960,540,5.426387310746007,0.0,3.0,0.0,0.0,0.0,45.0,z,1041.74,1.041739,223.38,0.22338,223.6,0.2236,808.99,0.80899,1032.64,1.03264,808.83,0.80883,gsplat-renderer,difix3d-worker-refiner,ok,False,difix3d adapter refinement complete
2026-05-26T10:15:42.347184+00:00,refine-view,/api/refine-view,idle,96,0,960,540,5.4835071771749115,0.0,3.0,0.0,0.0,0.0,45.0,z,1028.48,1.028478,224.72,0.22472,225.03,0.22503,792.58,0.79258,1017.74,1.01774,792.2,0.7922,gsplat-renderer,difix3d-worker-refiner,ok,False,difix3d adapter refinement complete
2026-05-26T10:15:43.366736+00:00,refine-view,/api/refine-view,idle,97,0,960,540,5.540627043603817,0.0,3.0,0.0,0.0,0.0,45.0,z,1019.4,1.019397,205.37,0.20537,205.67,0.20567,801.91,0.80191,1007.63,1.00763,801.75,0.80175,gsplat-renderer,difix3d-worker-refiner,ok,False,difix3d adapter refinement complete
2026-05-26T10:15:44.330174+00:00,refine-view,/api/refine-view,idle,98,0,960,540,5.597746910032722,0.0,3.0,0.0,0.0,0.0,45.0,z,963.25,0.96325,178.06,0.17806,178.41,0.17841,776.41,0.77641,954.95,0.95495,776.19,0.77619,gsplat-renderer,difix3d-worker-refiner,ok,False,difix3d adapter refinement complete
2026-05-26T10:15:45.347645+00:00,refine-view,/api/refine-view,idle,99,0,960,540,5.654866776461628,0.0,3.0,0.0,0.0,0.0,45.0,z,1017.34,1.017344,171.46,0.17146,171.77,0.17177,837.74,0.83774,1009.57,1.00957,837.67,0.83767,gsplat-renderer,difix3d-worker-refiner,ok,False,difix3d adapter refinement complete
2026-05-26T10:15:46.394679+00:00,refine-view,/api/refine-view,idle,100,0,960,540,5.711986642890532,0.0,3.0,0.0,0.0,0.0,45.0,z,1046.89,1.046889,202.42,0.20242,202.66,0.20266,836.89,0.83689,1039.61,1.03961,836.83,0.83683,gsplat-renderer,difix3d-worker-refiner,ok,False,difix3d adapter refinement complete
2026-05-26T10:15:47.442844+00:00,refine-view,/api/refine-view,idle,101,0,960,540,5.769106509319439,0.0,3.0,0.0,0.0,0.0,45.0,z,1048.03,1.048027,202.03,0.20203,202.3,0.2023,837.56,0.83756,1039.91,1.03991,837.51,0.83751,gsplat-renderer,difix3d-worker-refiner,ok,False,difix3d adapter refinement complete
2026-05-26T10:15:48.464165+00:00,refine-view,/api/refine-view,idle,102,0,960,540,5.826226375748344,0.0,3.0,0.0,0.0,0.0,45.0,z,1021.19,1.021193,158.0,0.158,158.18,0.15818,856.82,0.85682,1015.06,1.01506,856.78,0.85678,gsplat-renderer,difix3d-worker-refiner,ok,False,difix3d adapter refinement complete
2026-05-26T10:15:49.477354+00:00,refine-view,/api/refine-view,idle,103,0,960,540,5.883346242177249,0.0,3.0,0.0,0.0,0.0,45.0,z,1013.06,1.013056,167.92,0.16792,168.14,0.16814,838.97,0.83897,1007.15,1.00715,838.92,0.83892,gsplat-renderer,difix3d-worker-refiner,ok,False,difix3d adapter refinement complete
2026-05-26T10:15:50.512963+00:00,refine-view,/api/refine-view,idle,104,0,960,540,5.940466108606155,0.0,3.0,0.0,0.0,0.0,45.0,z,1035.48,1.035476,167.19,0.16719,167.38,0.16738,862.27,0.86227,1029.7,1.0297,862.23,0.86223,gsplat-renderer,difix3d-worker-refiner,ok,False,difix3d adapter refinement complete
2026-05-26T10:15:51.535234+00:00,refine-view,/api/refine-view,idle,105,0,960,540,5.99758597503506,0.0,3.0,0.0,0.0,0.0,45.0,z,1022.14,1.022141,155.51,0.15551,155.77,0.15577,859.19,0.85919,1015.04,1.01504,859.15,0.85915,gsplat-renderer,difix3d-worker-refiner,ok,False,difix3d adapter refinement complete
2026-05-26T10:15:52.567702+00:00,refine-view,/api/refine-view,idle,106,0,960,540,6.0547058414639645,0.0,3.0,0.0,0.0,0.0,45.0,z,1032.33,1.032334,160.2,0.1602,160.4,0.1604,865.52,0.86552,1025.98,1.02598,865.47,0.86547,gsplat-renderer,difix3d-worker-refiner,ok,False,difix3d adapter refinement complete
2026-05-26T10:15:53.343438+00:00,refine-view,/api/refine-view,idle,107,0,960,540,6.11182570789287,0.0,3.0,0.0,0.0,0.0,45.0,z,775.6,0.775599,29.55,0.02955,29.69,0.02969,742.58,0.74258,772.32,0.77232,742.55,0.74255,gsplat-renderer,difix3d-worker-refiner,ok,False,difix3d adapter refinement complete
2026-05-26T10:15:54.253456+00:00,refine-view,/api/refine-view,idle,108,0,960,540,6.168945574321776,0.0,3.0,0.0,0.0,0.0,45.0,z,909.88,0.909883,68.24,0.06824,68.43,0.06843,836.0,0.836,904.48,0.90448,835.97,0.83597,gsplat-renderer,difix3d-worker-refiner,ok,False,difix3d adapter refinement complete
2026-05-26T10:15:55.233152+00:00,refine-view,/api/refine-view,idle,109,0,960,540,6.2260654407506815,0.0,3.0,0.0,0.0,0.0,45.0,z,979.56,0.979559,99.12,0.09912,99.32,0.09932,874.77,0.87477,974.16,0.97416,874.71,0.87471,gsplat-renderer,difix3d-worker-refiner,ok,False,difix3d adapter refinement complete
